time,accx,accy,accz
0,-0.02368699205512202,0.26047735872673267,9.791392352365916
1,-0.0013386423809935606,0.07771067928799436,9.733202674723179
2,0.11350813763971625,0.18017509745025156,9.856566558326818
3,-0.006101157487460731,0.11646233760911585,9.83067159052992
4,-0.01991073109010348,0.1302462196890014,9.928832431894218
5,-0.014227895297932627,0.23163992810918288,9.813250074274192
6,0.05225015270969499,0.21099594716364076,9.896436472215772
7,0.1125359340845058,0.23243561398295975,9.792234160204073
8,0.07522593304727412,0.17833939100504298,9.717141821345011
9,0.05767353512459197,0.16475325769604623,9.81703967182739
10,0.13013704134944726,0.2178616246464128,9.784368053334415
11,-0.001010464853977197,0.22052157957076662,9.838960961969297
12,0.07756814786728052,0.12291156264021974,9.867440594563753
13,0.06515061929112534,0.20290152788269633,9.777269164216525
14,0.08305500687667047,0.21074778608504358,9.705479187195388
15,0.03670804720352452,0.13541161536371918,9.77628849158141
16,0.08402743097843643,0.28800027521216887,9.812954362548854
17,0.056380290766951856,0.1448361541938423,9.742385936249146
18,0.11273821189172603,0.1941462029618989,9.970163727044655
19,0.1054971520453668,0.15781553833199422,9.865679288064689
20,0.17255397261022834,0.17580228114372304,9.807825458588635
21,0.1500771143528344,0.14196281766476743,9.844540863686772
22,0.11189528605091675,0.14045874892025692,9.824924337531526
23,0.0498565059014022,0.12345796956901832,9.848989497696804
24,0.12733893980597272,0.11065963139248944,9.860257841011402
25,0.09906051323740417,0.11565101861302157,10.053489688584188
26,0.16860700706989948,0.09639809604178623,9.920450006810135
27,0.0899608256325147,0.12727721202777914,9.901462717816273
28,0.1722260968055614,0.0892180827853033,9.811491260743395
29,0.1772499157529094,0.0961498321240686,9.902537737519113
30,0.08456732423607308,0.1214269077214398,9.950125855082414
31,0.13306169393417108,0.12875333798116317,9.903545786615762
32,0.17464685016354892,0.10508671712742751,9.954051288490861
33,0.20841225596651378,0.1253512409555914,9.902434117622713
34,0.20854298918791223,0.12475554430788822,10.000886992472187
35,0.18367897862928867,0.06772025634299075,9.86766869606089
36,0.19483511449749946,0.07602047840220012,9.883671855498994
37,0.2098023072013881,0.14575408110545324,9.840863887556363
38,0.2025685267569275,0.13100678852719122,9.886908341546674
39,0.22238495914767215,-0.02520696098241529,9.953742454578798
40,0.10452746506988132,0.05117183864924466,9.881490740275096
41,0.21188917486892864,0.0815938424909111,9.952473836634079
42,0.1800050940953711,0.04390779046699067,9.912383138145003
43,0.18511261756624667,0.045541252138984065,9.937921894815801
44,0.08509747133185529,0.13337340502621567,9.880902324368597
45,0.305395847092954,0.019718248205158155,9.991474215123407
46,0.17675399340557116,-0.010391915447858686,9.962920577098695
47,0.240967636085259,0.00015151458374129678,9.927975880338462
48,0.2540929842221205,0.0272789757075083,9.94145488864799
49,0.21665637052510897,0.05716801666536703,9.873057942295322
50,0.16215416863218082,0.008381505630079816,10.050811096892122
51,0.17996655838767472,0.006561257205455618,9.966393459670465
52,0.20056556592092525,0.04256073068171903,9.919814679944981
53,0.12747798843765284,-0.07107255615793939,9.926187539510579
54,0.23142632408240138,-0.0870419815581519,9.951036486100081
55,0.2754787453629326,-0.03310328208049519,10.058422435586076
56,0.15042521178134852,-0.07218670172452177,10.009361133871543
57,0.13171475681402517,-0.037398316828962094,10.013811049062664
58,0.20890893462504886,-0.013409917198294208,9.846563610313687
59,0.188566244771133,0.03980489808020077,9.97525318830823
60,0.19244417210294365,-0.03754304783499554,9.933010116961443
61,0.2194038979123037,-0.053921646142615264,9.973374121758894
62,0.24637430501878047,-0.054048379339062244,9.980711481135062
63,0.16336538803223832,-0.1367960803951753,9.861011371723894
64,0.23918112181793605,-0.10082959090677748,9.943410752994728
65,0.14819317266709478,-0.14927474159847853,9.967609244058275
66,0.1936934267019777,-0.08466027574922291,10.060294056717105
67,0.11632643495709996,-0.09875891790254464,9.917414618261825
68,0.1607895305786701,-0.16964192923184293,10.013462036973456
69,0.22438459923374454,-0.19418600333126462,10.034353434691246
70,0.07446182400852511,-0.07836940069732824,10.004477551196574
71,0.14914980700912672,-0.09859632538938737,10.022064185647233
72,0.20113738377908386,-0.10075120916311453,9.952856655604323
73,0.1960713185742858,-0.12439279757740451,9.99090951195294
74,0.08006881511288694,-0.128822209815335,9.975816960075873
75,0.21780698647936558,-0.11432002546343589,10.041615515322267
76,0.13511610519742054,-0.21692161165342733,9.943257574832897
77,0.1292864624264063,-0.11721497197267253,10.037604135844752
78,0.21875696733638114,-0.12402588295000604,9.990028393183895
79,0.11741493368434724,-0.20621808679660164,10.037754489613429
80,0.07781397150815242,-0.17434782461601536,10.054676210522699
81,0.08298287007727832,-0.19596550198872895,9.995878566199645
82,0.09207912405494993,-0.11243331206481062,9.962596285908338
83,0.1752993412441614,-0.20963922723360895,10.020931191502854
84,0.15046112416562266,-0.09415061457115433,10.07927166409739
85,0.10099471398277896,-0.23782238301214093,9.949355550544228
86,0.02552369488872902,-0.21497259717591485,9.988332667354914
87,0.13640520249407984,-0.2184472382316364,9.983786816255284
88,0.12130890150896317,-0.14419700539703045,9.972225221377256
89,0.10580715716067565,-0.1467712237096637,10.003560087601585
90,0.18375433780512837,-0.1652480466403981,10.025883168562428
91,0.05592176298797791,-0.2496381390734066,9.962061802850116
92,0.023574334143087707,-0.10537096348486882,9.967767018490122
93,0.07214007852026315,-0.22717421126068982,10.008488421643113
94,0.12072328842811358,-0.2628084166096623,9.998536082934837
95,-0.02565203926219562,-0.1947124894779811,9.99373455999084
96,0.0665451749223748,-0.2629394131552038,9.994736935361528
97,0.034255866159720684,-0.16760631238441573,10.077865253174366
98,0.03816543374045833,-0.16396027165902738,10.045879733636609
99,-0.03297123584806712,-0.1751998087147356,10.02432220189839
100,0.1079185443453554,-0.2607596009118388,9.998749330567849
101,-0.10399629657881451,-0.24300257713256557,9.979416964159629
102,0.009466084154265166,-0.20666311250512018,10.015791656202012
103,-0.007683141522554358,-0.20031581265573972,10.009548532483434
104,0.027241750096078696,-0.21956009104809324,10.05987956161854
105,0.014863075479109332,-0.16470814301448922,10.000975748661341
106,-0.09584267310256733,-0.2665161324766526,10.033473506963269
107,-0.05543210793271488,-0.18469740031721946,9.981190495465153
108,-0.054783521384206536,-0.1848791937613597,9.982784787236714
109,-0.049584870293529655,-0.23922665684047364,9.930159047236009
110,-0.0688023905808724,-0.16224975050303175,10.056854944744574
111,-0.10224964967655154,-0.19429803410428878,10.00935049509494
112,0.013700836660167318,-0.18371738976622698,9.955837037357885
113,-0.036872644420558466,-0.27129121198071704,10.025136072269063
114,-0.08688568383118457,-0.15655789840899156,9.900343106673624
115,-0.18057023271393224,-0.13767869089397744,9.935526227131861
116,-0.05296807841977645,-0.17040294272186848,9.899862523373441
117,-0.1313043220601123,-0.20200891391006384,9.984721261655109
118,-0.059164720324182685,-0.2144333242170794,9.955020481611303
119,-0.07857683075347904,-0.1660499636882458,10.038637057439047
120,-0.09717152192780193,-0.17519289914064795,9.908849218888522
121,-0.08501861792564196,-0.1743815386479281,9.949144593910484
122,-0.10307135496663605,-0.11476408118187062,9.98823349873664
123,-0.0960985511016255,-0.1506618782065774,10.045654673424448
124,-0.1465951106135475,-0.06658146381756509,9.977859718334377
125,-0.10337614584290297,-0.11406346542537352,10.058221875164532
126,-0.15264116818561196,-0.15466362092201097,10.017357757299859
127,-0.16745459945067803,-0.1341861685570636,9.978907059775311
128,-0.14700915020505825,-0.16149104642456993,9.926141520553122
129,-0.21044424106008444,-0.06100887017992493,9.969084818133707
130,-0.16533202431625232,-0.14519096531017267,10.050304527428102
131,-0.1939186983451146,-0.03588222238141281,9.934174621376483
132,-0.22605580529042252,-0.10481087410469422,9.907087067187446
133,-0.1928914083685086,-0.09951928310119668,9.883082664603434
134,-0.1649637844797306,-0.11776854102453883,9.857647673402692
135,-0.2545693038657446,-0.08087502212110309,9.873719628833225
136,-0.1307914198276492,-0.040222515114106676,9.937538926050692
137,-0.18303775931727584,-0.05075311324677326,9.96217882900999
138,-0.22596055683977265,-0.12062586028914041,9.998265752684777
139,-0.20485056712400496,-0.09900646714830413,9.990985667448696
140,-0.28600339597862096,-0.062337800367477596,9.8979824135213
141,-0.20547575478857172,-0.10719765538919657,9.98603843263112
142,-0.22741979664080336,0.015254758206101393,9.966879650769204
143,-0.14404247085560196,-0.07824342304875623,9.96429771655188
144,-0.20886583725878097,0.000617729850153674,9.972466197850068
145,-0.1812908511391378,-0.02768563818718516,9.923543601074412
146,-0.19382422329221438,0.05634194441190353,9.93755436290408
147,-0.24091412782870442,0.010084940862383412,10.028207210468215
148,-0.1946646488701126,0.006952580218547201,9.98229034724694
149,-0.22620015428299878,-0.03555987811841401,9.960701149090156
150,-0.11761003339359134,-0.051121013138358366,10.028106538255225
151,-0.15819716915752197,-0.01883162854545422,9.862477775270955
152,-0.18277490594521564,-0.016314383090453615,9.875112709080797
153,-0.2340926382466097,-0.02249706685175234,9.960461108797203
154,-0.08128146716240364,-0.005206626415906301,9.920756961178654
155,-0.2558919137884249,-0.030046035734346846,9.921967621556743
156,-0.13426012739112053,0.030776809038492437,9.874525510542641
157,-0.17383540746866585,-0.017791464407850087,9.963440253399733
158,-0.13479371328028888,0.04673798459243852,9.936544988835417
159,-0.16845162730076532,0.06881057460061302,9.853660130796762
160,-0.14831673426631625,0.01931125063407222,9.876392774930912
161,-0.20772811526211424,0.021545346698349302,9.97632871460609
162,-0.21904983344028808,0.15887371751303273,9.936197872625973
163,-0.1867394042557087,0.020523414397185274,9.86400840392227
164,-0.1847180854162452,0.06957025609170622,9.96178949540094
165,-0.20514811528221225,0.0879712737252464,9.892297832524823
166,-0.09220793710787911,0.06064813340090507,9.892503640593324
167,-0.180522526608826,0.1338960395624721,9.933367987204207
168,-0.21327526059195157,0.08763507775047369,9.919507358916606
169,-0.0939230225006985,0.06345968251080966,9.816266182043481
170,-0.2047877859601374,0.12797584035904655,9.951710678498918
171,-0.17099468181190164,0.12364731363975673,9.815017997874207
172,-0.1889957274346244,0.18348164539253112,9.929719833006692
173,-0.1272249990004303,0.09064560581431416,9.917849998935841
174,-0.17367369334920135,0.17967110094075725,9.91917458036587
175,-0.12498393596711449,0.1639268935712411,9.908947301407446
176,-0.19112926016169718,0.17777504405134206,9.857413970087116
177,-0.12988847689800795,0.15690144690701213,9.90731166669862
178,-0.04471139334227178,0.1420209552585948,9.891580857116733
179,-0.16844801627855716,0.22637344794318254,9.853640055874317
180,-0.0873897092886596,0.1985583666783298,9.936059643458766
181,-0.12505869608068262,0.14807425300317767,9.930734116014817
182,-0.15459584353412908,0.24935399984277093,9.8483726898013
183,-0.14316517572421814,0.17852708246800808,9.85878104952449
184,-0.16433558400344775,0.15759960862899985,9.89097032813005
185,0.04062351145184222,0.07680695066896355,9.986585441292748
186,-0.09551601138655841,0.12800673502705825,9.857522202934554
187,-0.018583338333190334,0.1282995766087086,9.875165775545923
188,-0.12040469816873153,0.13780030778036398,9.877748469678933
189,-0.051861442761809526,0.2854212066718722,9.855645652870878
190,-0.10360067712577437,0.1698719623893826,9.906004701848916
191,-0.01809794844812076,0.22037905332427765,9.785376805440535
192,-0.09950891674067208,0.21417479557640973,9.833892884343669
193,-0.051969344628023204,0.18792632957677233,9.822829381106848
194,0.00015053162906581569,0.18286026681586537,9.879417131372804
195,-0.004424202376955979,0.16220834641678558,9.928473435087977
196,-0.11307555890753042,0.2491219390142493,9.752681638183937
197,0.013746141843872357,0.17142629680953758,9.766066499699681
198,0.05010904487561631,0.20474427511639054,9.836833684023466
199,0.037824929950291256,0.1980641139574895,9.811811873364247
200,-0.030990537777637123,0.24551518449750842,9.822287686428014
201,-0.06465668994406656,0.21851359872750245,9.8920320533755
202,-0.030075750025556864,0.17525823501898996,9.78473163713585
203,0.043518309257326554,0.23484676123680898,9.84338051671298
204,0.03856053014105613,0.29510285123058533,9.722675473840932
205,-0.01404562523200887,0.27604631380553796,9.707215234554482
206,0.026842189478109603,0.2283202794988538,9.718413727476753
207,0.01452671011080927,0.1820995681551758,9.792638528646748
208,0.14961253210357114,0.2167311346342568,9.726134440980069
209,0.04738229945531427,0.14929971981606682,9.763507147770177
210,0.03234933436337806,0.13947583680589576,9.744103179141009
211,0.09669987845312328,0.2638192342349078,9.758712809513794
212,0.07707713293253839,0.16782953670591955,9.730946203341233
213,0.1698038312375598,0.26401852348349597,9.758030318360891
214,0.0532849376691459,0.11406486626942239,9.740749964242154
215,0.1758250554427142,0.2147607969014877,9.745597040073875
216,0.10464273143910613,0.16093326359242496,9.763204254689578
217,0.08806351695299824,0.20710725635126262,9.785691332738791
218,0.0657322745419214,0.2127622198888887,9.841716609721809
219,0.22561433667633787,0.11882079988287647,9.794095413411391
220,0.05426741329950538,0.12226672741186953,9.734758496920414
221,0.08591452478109265,0.18347521674354017,9.80646633496344
222,0.15139766420909234,0.15897952218607797,9.704476989767974
223,0.11159826673562884,0.14654708543854794,9.707539335574934
224,0.17552557903479415,0.2010952029496807,9.707048750073934
225,0.08995488453219148,0.16464176237932637,9.681409291621296
226,0.09753190532156403,0.09601470503481277,9.697406600150746
227,0.20493552026912537,0.05630339235691971,9.620876489505488
228,0.11840774393057515,0.09905953367082776,9.672050706076208
229,0.2313154231631111,0.07152870991803119,9.682529100621478
230,0.16386507055494462,0.11321780257199714,9.634141319118028
231,0.16560999164751203,0.10431256855165993,9.70232834833325
232,0.19484613980937762,0.0934012999227147,9.688450614729414
233,0.22478906957741213,0.0823228386672492,9.698160171501769
234,0.19310684740201184,0.028125023462160018,9.702561058958638
235,0.16192939556885014,0.04785650066496237,9.752172131287645
236,0.1826976161205848,0.09971457592505019,9.609053193152223
237,0.15340934928610134,0.12163185567714868,9.72787099936637
238,0.23473970398070776,0.02261725460147561,9.643412326019433
239,0.18906118162000032,0.05497864490952653,9.683002659631896
240,0.1489600481982795,-0.03823040387839777,9.66823745801309
241,0.22975000612446655,0.07765946421033043,9.69973113331438
242,0.2120539730882422,-0.0077569637163393546,9.680837068923873
243,0.1326449528385617,0.1915030866218947,9.692725787264903
244,0.19093329791779728,-0.12382694364244098,9.77627759617375
245,0.2126326637838221,0.0710345635523135,9.553543826643821
246,0.12048280832115277,-0.05026046787771071,9.61472282817625
247,0.23927760793198954,0.04482296048799931,9.659619397075604
248,0.24190695169775564,-0.03977535103594293,9.67830389637114
249,0.21688308941059542,0.0390044721355248,9.669854530286527
250,0.13840935816541267,0.020470992923690638,9.6946482642021
251,0.12301605062041547,0.03669757080775356,9.642743719074263
252,0.17120536362625685,0.05710643539746066,9.671143975582511
253,0.09889215559083987,-0.022428314150195375,9.666430674013117
254,0.20504128115677384,-0.0653293468852636,9.619982994917466
255,0.25425486549651183,-0.07550925835002814,9.669018850803713
256,0.19835727572964015,0.01538764418128144,9.585395188413795
257,0.12331432201747358,-0.06114106289897715,9.667511142030174
258,0.23639463406397732,0.04609507612653516,9.714085656650928
259,0.2010852363485521,0.039923986259148996,9.71153623340981
260,0.18926102803961023,-0.056859190362189053,9.592837302593336
261,0.1282109612766777,0.021616626221713064,9.626207074520915
262,0.33843857279945316,-0.0704559802691085,9.691826542819898
263,0.2350218000252607,-0.06253052241235439,9.57492266494741
264,0.1596954298052115,-0.059975452852315245,9.60602504348504
265,0.1619797232203173,0.036191928565397394,9.583694426650856
266,0.18006122836730498,-0.13917853828300952,9.708815705569394
267,0.23403009797294674,-0.009809093579148304,9.568005287097572
268,0.17849120574305954,-0.08533757610291172,9.657567958828404
269,0.20085299459650935,-0.08406875430634354,9.609826499106068
270,0.21759185078924734,-0.09284319964289164,9.651331100053769
271,0.1575262256193363,-0.17926299171720547,9.688847754018932
272,0.07033930546601665,-0.14168092565716406,9.572776269057886
273,0.1582272612324509,-0.0871254958637872,9.507157221985276
274,0.2170949431853029,-0.1298353125330969,9.669922302562677
275,0.14709105486530988,-0.11694963697908109,9.583797566651175
276,0.10466757140390764,-0.18061289611352466,9.583265559500115
277,0.17264447738615846,-0.09671683674163464,9.57719930654902
278,0.12314591415302202,-0.15668574036334956,9.625744216425623
279,0.04591891620798913,-0.05984951113933601,9.643021595838789
280,0.16099987835918764,-0.14385462286982753,9.592451021056478
281,0.1591555167084252,-0.19496418417083658,9.547993590314084
282,0.08493436311620549,-0.06296250996038796,9.691979653968533
283,0.13270705031275287,-0.16465711577441525,9.59905417354802
284,0.1888796251245653,-0.22023457942330443,9.678290031071496
285,0.04198180453191033,-0.10346685728799888,9.570470252198819
286,0.01786403362380068,-0.19704228992573886,9.63505615610749
287,0.022247409879310294,-0.19371440218218342,9.64808602357276
288,0.008950863466260478,-0.15681922032512463,9.647181036978358
289,0.07178113907714014,-0.18881798053811358,9.606799761784185
290,0.05105413719656475,-0.2541118712357736,9.569552929349188
291,0.11471914285166743,-0.2857065143397436,9.670891961409763
292,0.15776392340107653,-0.26375582363754724,9.454836355621005
293,0.04658084305051784,-0.21510183097180174,9.582619826656039
294,-0.034775845569288054,-0.2428850153047917,9.607682809237753
295,0.0063619523249293375,-0.13539400680301183,9.551690751861416
296,0.09737759849059419,-0.16271506501881525,9.533620481529455
297,0.06052363097954181,-0.15040281870965033,9.550740940966456
298,0.015529216895392961,-0.1791749342611525,9.494346714151426
299,0.060452643511300204,-0.14866385061784182,9.499879299926956
300,0.014482437467512647,-0.12822464576075715,9.537954326839076
301,0.02764121336345859,-0.15206063685050802,9.678079631248583
302,0.023967885145346708,-0.24869110513345932,9.697547127297225
303,-0.06506397237173575,-0.15572897303827038,9.527254587874268
304,-0.02586504091213823,-0.1393922308307945,9.547767225414828
305,-0.04203731241627966,-0.2281218010734288,9.668178136138891
306,0.03972531412113577,-0.10540120530473307,9.611148944529852
307,0.0540369498119175,-0.2778897808963231,9.662349845064933
308,-0.09054163050262384,-0.16526084214322306,9.592336166651299
309,-0.05805241383533929,-0.15475179495869099,9.575101367148061
310,-0.050267774497311415,-0.12966441397618914,9.655214476910789
311,-0.06281052854740671,-0.15006595326677655,9.565314734871171
312,-0.06520810727234772,-0.12235055914630256,9.622640472748328
313,-0.0993392382655501,-0.23454849501842842,9.582879119338612
314,-0.004039629823117563,-0.2186258906275666,9.675247408804658
315,-0.1338109967084331,-0.17672021343576907,9.665396393478458
316,-0.044898373998592665,-0.19471880830779023,9.597811574122995
317,-0.026685002182064016,-0.2513873577196043,9.5958176578384
318,-0.12660901488662674,-0.08956517603853571,9.560688239930858
319,-0.18771513051920002,-0.1885067609345542,9.647854319489927
320,-0.08094728597498921,-0.23335157806056522,9.570652699250841
321,-0.12565523931971828,-0.15732146582067424,9.543161890180102
322,-0.18682375365861187,-0.15127057367674296,9.603153748342043
323,-0.11445296627808542,-0.17755528688907396,9.602224440560398
324,-0.1133664780494458,-0.12814265157654153,9.568330847330328
325,-0.15097277260411743,-0.05891056516055246,9.537206451080896
326,-0.11957842778260037,-0.11204093501051224,9.547677054210626
327,-0.11947646101307542,-0.14066158434490125,9.557059068160545
328,-0.18991103540164306,-0.09285074230481816,9.587474062805606
329,-0.14204455067790334,-0.1717481280416149,9.594605320794011
330,-0.17295947684272542,-0.18057127545539248,9.560028017348818
331,-0.18751280607068782,-0.10410257011305701,9.58474382394795
332,-0.1584893918009124,-0.09151160254158543,9.544551007636606
333,-0.20649165459254287,-0.09559192649811243,9.66958290328117
334,-0.07660030298989919,-0.02051676833100649,9.63171408460209
335,-0.1899645119687597,-0.09970661866846604,9.66599561101808
336,-0.22318397420134667,-0.15184097502566524,9.595715309526796
337,-0.17169172449556816,-0.040023405899467,9.595555379897442
338,-0.31098057428451,-0.04094213422746527,9.68076772549962
339,-0.2232619578034474,-0.038653865302567036,9.625760389411992
340,-0.1741426843221122,-0.09138102688813479,9.625151597463582
341,-0.17067838608102864,-0.07485202298604621,9.649549224613455
342,-0.2101099020213344,-0.08508406778641323,9.721436475331226
343,-0.18609662433449833,-0.046346450773980696,9.66815357153132
344,-0.23229025688867883,-0.04637846417425654,9.620721287507244
345,-0.19751291328343898,-0.07370604870626325,9.54863856868966
346,-0.19934587034038764,-0.025259551357528567,9.562537651862026
347,-0.1604085954321564,-0.050484440152809965,9.694171231855368
348,-0.28950544046020665,-0.010378640751198055,9.672040097187208
349,-0.25514964430963455,0.028645888475511836,9.599570810533203
350,-0.2094582553817243,-0.011169036272590107,9.629918368614502
351,-0.14779487815983938,0.08826616947217994,9.63092306509381
352,-0.12461240928784115,0.06046809436817446,9.577101079016668
353,-0.14577502359047234,0.0660785399953977,9.614717999924563
354,-0.22270405933185522,0.01911693585758864,9.664607935212452
355,-0.24531926616719482,0.056323393763043336,9.613413591076101
356,-0.26273028438245305,-0.0017467928496643012,9.783971318185705
357,-0.20110565612446468,0.030966151089542857,9.78629600198231
358,-0.16561037475600762,0.07089674426004708,9.670978401133574
359,-0.1871825927051531,0.060489175324843734,9.689910913179183
360,-0.08206669646199635,0.031721541003084386,9.662543370617543
361,-0.3024345415849986,-0.025868722867395166,9.709984994340235
362,-0.19291520513678684,0.1034985208725915,9.637652861613267
363,-0.18955987396927576,0.0566341271799293,9.723156698995236
364,-0.22889213495254984,0.1126861415045127,9.706692166000163
365,-0.18763265041696076,0.03817561699317179,9.688916933533276
366,-0.1997227789492257,0.12110420278723551,9.771067493431998
367,-0.08433616406303862,0.22490322290868187,9.636239618454924
368,-0.20131643915295255,0.12697508712452915,9.758280086031451
369,-0.1869124739993483,0.055958833910820335,9.75947297556369
370,-0.18390995658661885,0.12317353083085228,9.818780160596193
371,-0.17987818152116788,0.23649387449052695,9.730983286280313
372,-0.1673296111671061,0.027248775117364787,9.812600942158213
373,-0.11401715922447098,0.18062052433065656,9.728753728670464
374,-0.17219889150445217,0.1365263627650571,9.717834149831386
375,-0.13754427711457112,0.059648069096172845,9.6860766134609
376,-0.10985567789900555,0.10589013992751234,9.777000009592921
377,-0.15553470791837964,0.07948411465987328,9.763692052915223
378,-0.12209379694731318,0.22428267021301215,9.666250472845123
379,-0.19928082912358863,0.20206623903456689,9.680524976149918
380,-0.15513930189742986,0.24070824940826635,9.745223373704544
381,-0.22483966858934135,0.1428804079760349,9.794017086683821
382,-0.0886738222249067,0.22842447603005384,9.764312528419685
383,-0.06085823010064773,0.1842300999267077,9.727761458314177
384,-0.10914437067184825,0.17407043654159796,9.826282028785522
385,-0.0970771891579213,0.28516277288537006,9.743226628261423
386,0.05599649508503951,0.20404085248519366,9.743501415560283
387,-0.08165633742038389,0.12912114450397105,9.751159788438914
388,-0.0829718230085848,0.21645684169363885,9.726546661141201
389,-0.11241230661127824,0.26115930591932435,9.744430991755767
390,-0.06199376001031639,0.15146158287826444,9.775790727020668
391,0.05634372052308883,0.15482979101698582,9.782857797176646
392,-0.021870876663930956,0.17740751941125457,9.723547876899849
393,-0.03299879243132961,0.2959072690968984,9.770209687068622
394,-0.02516297051437335,0.17992483524398048,9.707519884201613
395,0.012704946629035818,0.24102833786171823,9.73355740095674
396,-0.028622158494253928,0.18817322797297692,9.839253403595848
397,0.016224652035896316,0.13969983069368488,9.783481374485085
398,-0.027222930029383908,0.20198951159338005,9.75644414738398
399,0.01273936555221788,0.19371557770350725,9.715380957533563
400,-0.09174471475615319,0.17841817815514754,9.800381013558788
401,0.009085613528990268,0.11025953945576149,9.821528273810825
402,0.014512348994370736,0.2789721180987324,9.846422091336088
403,0.03795585752961628,0.24848236839325644,9.950059435353719
404,0.017333738648494842,0.19533131434343332,9.809723273968036
405,-0.0676888669467002,0.2924995578690527,9.732985934866592
406,-0.030123936644179082,0.22172560661772686,9.894936192277866
407,0.03503233679263306,0.15329978636453132,9.760102241314208
408,-0.013214590934237255,0.12805207732172375,9.825431485882655
409,0.09611193547197155,0.1842489065295522,9.808821433020942
410,0.11992578918349389,0.21303215656632743,9.809296398970195
411,-0.001788976536770015,0.10344736314256518,9.774006661624968
412,0.004278227406636553,0.1688087727165552,9.7484955134142
413,0.08885785950227584,0.19843753401152553,9.850454575568008
414,0.00438886394119109,0.07879389472772201,9.792355597677577
415,-0.02918907541417011,0.1693533650970606,9.93059110478104
416,0.1542815822750413,0.08222813331180566,9.875968957495337
417,0.05287070115286523,0.22060991052644086,9.819272817045825
418,0.09382001954401906,0.1430341772812158,9.883039769915303
419,0.1118197014261014,0.13590318065684412,9.83017305126379
420,0.06816938432137748,0.25174913823432454,9.865313202850858
421,0.13956997255054754,0.28752034334510657,9.998664752259819
422,0.1102774168371723,0.16143973478623316,9.934326173121079
423,0.1260630812582068,0.17587441210044658,9.881136175657842
424,0.09692118557660653,0.1331454066350456,9.960836134812526
425,0.15953717407478563,0.16506534146977714,9.942304542955698
426,0.1877190439879223,0.08059199734622197,9.842804492821863
427,0.2014699910175853,0.10391107165111577,9.913701057356791
428,0.12121470214349378,0.16072774402319315,9.938265445278986
429,0.12147551922645747,0.06827990356825153,9.946487809247335
430,0.16520402663251432,0.10198910673730154,9.942962186464714
431,0.14561721114591786,0.01715721214713989,9.893670525443367
432,0.153378912170594,0.11578349873991899,9.921650556917914
433,0.1786771773317135,0.13964534817281082,9.935908921464915
434,0.18501338584454913,0.05451737829310599,9.885573052953983
435,0.08948264311845538,0.11720900625073513,9.941981299035604
436,0.1752832795119646,0.16549886967710709,9.951295531869501
437,0.0994260040168196,0.12485020594722325,9.916636688939134
438,0.19985923039955186,0.11116992714637819,9.907654014142643
439,0.2073721204676954,0.11425737381988635,9.891129019838775
440,0.1784233907977237,0.08471421434917019,9.865092337071511
441,0.22633114143534003,0.03208630126347613,9.97686190263286
442,0.2547484328283616,0.027129849030045696,9.95913125669129
443,0.2456851607854933,0.029643381501630175,9.958181855173857
444,0.286806772255572,-0.043542573264590954,9.839953920859426
445,0.21180504806114533,-0.017260899422231107,9.888308939765647
446,0.23461651930663907,0.06294199075674006,9.969574828414718
447,0.24224657965637458,0.012246934648782385,9.946934921062295
448,0.19736977432693478,0.03254461606879134,10.00225527704028
449,0.27055474177442107,0.09668642006465174,9.935482396017827
450,0.21139493823994096,0.06539760688999509,9.915054166155176
451,0.28384752841645966,0.01662519883542284,9.995842678089076
452,0.17334589064396516,-0.030733986474559043,9.897546162741415
453,0.26651844726848484,0.05327024216800083,9.857409502920387
454,0.17772839455485762,-0.06791230704288267,10.012575268703799
455,0.12864898622131604,-0.08121603330231889,9.954898174130486
456,0.17049057340562082,-0.01334011288979279,9.967236061036557
457,0.20181241400996974,-0.03126504439003568,9.93683404126965
458,0.17447746398163974,-0.07403627685816831,9.970136645449529
459,0.270705361552069,-0.08047896404138843,9.990003119157217
460,0.18996237566403018,-0.10785053913794643,9.902670060622736
461,0.19446092945093843,-0.08797012573245613,9.943505976735535
462,0.22716644203362915,-0.03423160087545331,9.884994655325526
463,0.19483301752928125,-0.09475565833726056,9.974293704207316
464,0.16061099908548496,-0.055765662919044334,9.873663505742439
465,0.11846674063552434,-0.11820428048536098,9.88515303351892
466,0.23511423386283484,-0.13151174594519754,9.970225954410848
467,0.18165492972136962,-0.07141312380323714,10.028930940012735
468,0.10123500905052427,-0.11346253155538716,9.953140040954448
469,0.10477372318890499,-0.07959505846418291,10.028742473691253
470,0.1571796967194323,-0.032140294213756734,10.010908410544314
471,0.1717033113394106,-0.12244829052167025,10.042654754837082
472,0.21428647862764785,-0.06076351964548682,10.154913457450643
473,0.17652351532037489,-0.10434903034148124,10.079662598360038
474,0.19971633747096856,-0.1508512274935101,10.003579029496148
475,0.15097510820233226,-0.14370047073334183,9.938794590579635
476,0.11207256362123093,-0.11273437514531993,9.904634881467496
477,0.10994872514335376,-0.09862556541066946,9.91417993146543
478,0.049089420412268325,-0.18572407853933157,10.030742451855506
479,0.133889639518399,-0.151946256136127,9.992565495158646
480,0.12869851130201382,-0.18516474742281935,9.943665660980749
481,0.14025774643544658,-0.173273223825983,9.979079208880293
482,0.1359151528774967,-0.25498210610293565,10.101184652773089
483,0.051670322492150283,-0.2348135270000813,9.945636929522628
484,0.110171886300483,-0.19460549580954356,10.010291664248134
485,-0.014691034019739799,-0.16157834934029489,9.98837464364967
486,0.11537562723002531,-0.13429565980736993,10.010390012572008
487,0.06023371497372812,-0.19392691058172348,10.02335855839627
488,0.09852550301068852,-0.21857717843530589,9.974623953707182
489,0.0021774301605104046,-0.13046613104262236,9.972518315519249
490,0.12497145164680466,-0.163092918683588,10.010241032027864
491,0.11741643655973774,-0.16145146468194754,9.995819893990111
492,0.027087079955169766,-0.26168150243753563,9.963499014094353
493,-0.07264684992708453,-0.2781959543769122,9.955180607585175
494,0.05204494941003874,-0.1821688135282347,10.05682894569587
495,0.06556890525813457,-0.22245956936699202,9.93973554375951
496,-0.013133674350638447,-0.223789487450186,9.987615607877157
497,-0.025203470509308414,-0.20035792881641387,10.053201902406784
498,0.07592212608552314,-0.2613690489042205,10.040485536892572
499,0.004532432947243123,-0.22650614620879647,10.038447721095455
500,0.09682718499678583,-0.19460153427495758,9.993087211504285
501,0.02443163072861577,-0.20351521187759475,9.930292170860902
502,-0.017945357329294212,-0.257568115746619,10.047535206554787
503,0.02448195456812266,-0.16290274668222904,10.080593661956437
504,0.027010992619574868,-0.13723498307313078,9.986751603907546
505,-0.009447826301414625,-0.20803328300618823,9.988902849177911
506,0.03439795382450445,-0.21301238986281637,9.937970510602968
507,-0.15227904940203613,-0.14610655046070126,10.077941769638947
508,0.02226442111894996,-0.2779399952059729,9.994489454826097
509,-0.049381998576948076,-0.21470401965826696,9.986194585164878
510,-0.08041404883481762,-0.227325717879652,10.001394851849938
511,-0.07054906397976164,-0.12834680317949643,10.051633846682636
512,-0.11191181184828829,-0.17841278427775703,9.968230143650269
513,-0.0957789134464803,-0.15792022692677388,9.99006867957156
514,0.0019489175459245223,-0.2132566472429371,10.022049831293192
515,-0.13138410842057402,-0.2159209147138148,9.909758875204558
516,-0.1481933234384014,-0.18044669002319996,9.875159025664917
517,-0.12465273612807293,-0.2013649747137689,9.994074911528365
518,-0.12475674072503727,-0.17471328919162765,10.053699848867959
519,-0.1173439391717167,-0.1926889467899156,10.013776214759956
520,-0.06913001176642905,-0.19045960376627508,9.997406293118814
521,-0.14848603768297858,-0.25883592190865395,10.04038423216937
522,-0.1116141330260213,-0.1560646090691322,10.02490823739257
523,-0.1589443455722655,-0.11480178634576622,10.088176950168469
524,-0.18635223026924097,-0.14328182360102254,10.014194776744912
525,-0.11691087299180582,-0.09052196469043483,9.980062507146098
526,-0.2726890021069399,-0.16517511277195818,9.987001819923972
527,-0.1876784202072821,-0.0924801554666757,10.026638082055392
528,-0.11637931228289222,-0.0705565823313305,10.09920849249517
529,-0.20269479321171452,-0.1095266251205607,10.04116759910769
530,-0.12792848025933132,-0.06678733702449333,9.929623825142855
531,-0.14081876846470232,-0.12608459542533684,10.01007834033823
532,-0.1740741709342219,-0.12433329297282594,9.923482933848504
533,-0.1958608390457348,-0.18096172094002627,9.943966925530336
534,-0.12356161085427973,-0.0938068082580625,9.9501933884929
535,-0.23630573661564402,-0.03282710638519804,9.955415174938405
536,-0.1432667194513935,0.033581520580694815,9.907051048800401
537,-0.22568517539932081,-0.04775012016595052,9.969411611739506
538,-0.18237948013247146,-0.029933450843602112,9.934337627510596
539,-0.16702764102610057,-0.06704593969195759,9.996767912732357
540,-0.18334162065031734,-0.057737239880185635,9.99237920048191
541,-0.23655570608465584,-0.05687519862072104,9.968613890545676
542,-0.20232951744283403,-0.059510521489134806,9.942563319175465
543,-0.19224252414404047,0.01835007487579833,9.87476904442552
544,-0.25954049394000744,-0.02348476605319079,9.991901856341334
545,-0.1363833130345016,-0.059201189798885556,9.952337815059108
546,-0.2529773666616008,-0.028476914577864262,9.999864420085512
547,-0.2573956114546803,0.03372784761285965,9.903086070452666
548,-0.1611580649916557,-0.04914999696225674,10.008141097759257
549,-0.13533266810810782,-0.027391342351041802,9.94790018021096
550,-0.21295233336063607,0.15062398168829266,9.911957374506903
551,-0.2835750327012684,0.029037261557486788,10.037074484664727
552,-0.1768974519185915,-0.044441302456682506,9.991981602041834
553,-0.13177696182665619,0.05517144194508911,9.845040796296642
554,-0.19763753449783136,-0.06469031601291493,9.960663196300931
555,-0.1405169669519407,0.07816261008662156,10.047663998903642
556,-0.16452115728284059,0.018401550330608026,9.966234385255357
557,-0.2449788379777234,0.01635990308466269,9.95710862029312
558,-0.17322417377175978,0.01618583746990728,9.961409652238798
559,-0.2541926040775993,-0.03805128982162526,9.920952540964226
560,-0.2914709063070132,0.1543977838841467,9.972241389437603
561,-0.21599276270060322,0.17990562800136056,9.82831980576078
562,-0.15759145399686053,0.08949770347492783,9.796450255194188
563,-0.11322350494198123,0.16691656955227713,9.949328049463942
564,-0.19070300904492485,0.10954472288238867,9.97407905840205
565,-0.24296176732392996,0.17944726027025495,9.866424763402097
566,-0.09234014429718847,0.15934488003574196,9.936084813082585
567,-0.18723408798160446,0.19149874644722764,9.938916901282749
568,-0.22028958865494896,0.01678268822517867,9.919804529221656
569,-0.09958480220830043,0.2050888612268136,9.964034734870474
570,-0.08492532822175618,0.11099450503938015,9.861579906834903
571,-0.06947588623619125,0.12896402391326484,9.879204719428213
572,-0.17353866258025044,0.16540159149808475,9.850143398986598
573,-0.21034567927434977,0.12948441239007408,9.927247282569962
574,-0.060235196902845276,0.1836337669549595,9.89665974539367
575,-0.10412688576754123,0.1365220919736251,9.964903049788928
576,-0.19688376474578329,0.1830632473186818,9.78226543809733
577,-0.13983202898323835,0.1595134789578494,9.867974527130311
578,-0.1658859195902208,0.23887278874993634,9.844074229520658
579,-0.1166613408709133,0.18089880002943665,9.909119275711673
580,-0.1296403232861852,0.12827515664687503,9.897699676217172
581,-0.137574841489418,0.15559860653074306,9.824555314950928
582,-0.02971968354349115,0.1554032535263946,9.817114049801669
583,-0.08390486056921309,0.2711155749011587,9.8726094440506
584,-0.026457774398046682,0.19808735897048274,9.847397751500983
585,-0.05999258820375786,0.09272513036950808,9.850824145582655
586,-0.12890809361315034,0.133719472721924,9.908361157592562
587,-0.06828919339614217,0.2313934691175173,9.854948086421839
588,-0.11417783118659557,0.09844324823210275,9.872396698813139
589,-0.09505894412687511,0.1769435528937695,9.781875696307777
590,0.003916670090684589,0.30757222556230246,9.791934688041819
591,-0.042194389018965966,0.1796745880633061,9.902999237289434
592,0.0062223668998165685,0.18485756158845768,9.807027542332376
593,-0.05096954410274015,0.197736706541974,9.847345416531056
594,-0.05335395597311342,0.0900879358311023,9.790541633681519
595,-0.06878833551721292,0.19513827068683287,9.795897245787998
596,-0.04587224880331456,0.12229935169596966,9.924226600736205
597,-0.008174155537548872,0.1414998996938172,9.807261525051903
598,-0.0883603422539998,0.2210188414714213,9.942396920789635
599,0.02872868121632554,0.2068898551117261,9.749212360015203
600,0.03690966697218958,0.1852415386340791,9.803215191728931
601,0.043346995094413816,0.17361615636969618,9.733059471567142
602,0.005659899221097466,0.22724113307288535,9.751563141648141
603,0.053973796833846274,0.22059349011031104,9.677168048416494
604,0.06701379696071826,0.2282905193776675,9.748334793588517
605,-0.01748187666874223,0.21308513223564876,9.770934205433456
606,0.05885154580233258,0.14254805537645174,9.731023161202955
607,-0.034243097184429694,0.272131902517068,9.749471085092175
608,0.07106457712071285,0.20456182465403097,9.730623100438663
609,0.07251688240199494,0.21933334768779747,9.82465561790282
610,0.048391726849620606,0.21567481472085753,9.81705535852671
611,0.0597525552517235,0.25163195606971245,9.768372594201246
612,0.04368610750957212,0.1741845657175875,9.7564719132681
613,0.07037884299202396,0.1862740149413599,9.728537796103474
614,0.009558221265226818,0.1954793323250362,9.784910294571851
615,0.1271279874530707,0.12967842157464718,9.790386815880584
616,0.09720747776445807,0.1822557551460285,9.618384683267186
617,0.051090212105563776,0.18182078113266162,9.705929547704875
618,0.07962988712567737,0.11319081188439636,9.794137607665732
619,0.15943525526129768,0.11991601083786052,9.833880017563212
620,0.1465443001625738,0.2142883395424535,9.798408215889754
621,0.1513032119052835,0.1291288894549747,9.796695559952363
622,0.06493662565902579,0.17034888379986807,9.735246426443943
623,0.23432080631755894,0.1407337865796716,9.770058952727613
624,0.1795662889121002,0.20331968813992474,9.672416492136044
625,0.04793726197269081,0.17346441804329038,9.807421832474958
626,0.04528227828540468,0.09252164396204504,9.695289000293695
627,0.058886121812381245,0.14158415606453909,9.716849194949493
628,0.12176401676083085,0.1741107701513262,9.76654880127132
629,0.19217506195060582,0.1163618998782685,9.68341214711392
630,0.12301967732427718,0.08829308513390814,9.669181157665546
631,0.14817566876211063,-0.001998620678305252,9.70528574161997
632,0.11641703075663151,0.10671703336401676,9.72675349666072
633,0.19526227671561003,0.0822580813758809,9.611077497217668
634,0.20663747808870844,0.09106331689012415,9.673125755186017
635,0.17400589920246085,0.10065258071926561,9.662587159035127
636,0.15210070045314772,0.10754040687749271,9.695179619070895
637,0.18628377791145315,0.11032481807200024,9.748077855074987
638,0.2555430023184024,0.09962732255752457,9.691684664879913
639,0.19372068921562127,0.0696457095342174,9.719804979422904
640,0.12135745041256756,0.0419246536767796,9.621555057685557
641,0.20642059358797593,0.0030139501428051232,9.726658193683763
642,0.18256260146872125,0.01065422348788738,9.597497275332708
643,0.1859948420297857,-0.08083918577144272,9.6814192647415
644,0.16974494953043848,-0.017969684765550407,9.59694322189875
645,0.14736725116291877,-0.0666019949383918,9.660159839811449
646,0.15059885105316248,0.022281025692217356,9.587477271614437
647,0.19805042886747232,0.07415305921261517,9.606256789031335
648,0.2532904778464994,0.0014137232029163803,9.615715866390726
649,0.29772514095545427,-0.02608089180425608,9.651692095602039
650,0.13659459879195826,-0.022871935717902362,9.66307146913422
651,0.2882524578487577,0.08812223279873524,9.590735444241083
652,0.15288420723929633,0.027056193525215814,9.721346475679878
653,0.18019367821247698,-0.020793970618722867,9.653093094590995
654,0.19770557441989592,-0.08867855577359936,9.624307650347728
655,0.18952900926692243,-0.020509323866698903,9.633703623290788
656,0.22250737892261474,0.0070907342053423555,9.630890478111521
657,0.2826807431607956,0.0550129042269518,9.703324046105786
658,0.16061537175266,-0.0221650179606939,9.603457203976838
659,0.13279885557238374,-0.10575830082003201,9.638360903395746
660,0.14954851352202098,-0.10293428182780295,9.631914660574262
661,0.13100492599350191,-0.18178277819268496,9.626405523848312
662,0.1625701331745393,-0.029610867791494466,9.575041106693893
663,0.09682566535161456,-0.15508756084092876,9.617930441664775
664,0.20843395975142323,-0.09368716309428965,9.641646546193627
665,0.24167250069309149,-0.10405122707607346,9.609076501533023
666,0.10760406891054373,-0.05022757783733519,9.669473651468994
667,0.10187659191717176,-0.028084918500702993,9.738068832242483
668,0.18270321571316792,-0.16792492591296718,9.64655654110503
669,0.22439154701906416,-0.05712712970885013,9.529534830010874
670,0.2074979252452937,-0.10523257853906719,9.712785816377023
671,0.17687800817945004,-0.09252156160087693,9.623887666807653
672,0.1216452695186631,-0.08964398566729842,9.556409025150797
673,0.09521121841877735,-0.097936098335035,9.66659266642259
674,0.15675109023063083,-0.1830318273672811,9.636042990194547
675,0.10979166572412435,-0.11741233415914036,9.574356878532924
676,0.13586224392773985,-0.17870654890311205,9.696614010303453
677,0.14739231799050703,-0.14841124555266633,9.592148994627498
678,0.18409225414248265,-0.22388548542918463,9.562286345455625
679,0.004098554547515551,-0.2203172128727605,9.62679152497205
680,0.06102340973392853,-0.21958326219325974,9.621692967002875
681,0.10265275695207846,-0.040050999987239294,9.547174921986132
682,0.11224298818179482,-0.17903861904708504,9.628738528880888
683,0.14634814101166602,-0.15338301768801005,9.654239946195869
684,0.1649818348370019,-0.1539497058130374,9.634213682280452
685,0.07666549276063554,-0.15294032732662918,9.592025987198593
686,0.02374536538732276,-0.15082870325019565,9.593853432899113
687,0.13648313509410093,-0.19326117382802074,9.635156408450428
688,-0.02791630116876656,-0.2569623453658174,9.51715490506448
689,0.01848817696646276,-0.20683032830114198,9.547258335827538
690,0.05398189906405711,-0.16408383897852472,9.593359718853899
691,0.13153219633221208,-0.15289944591618668,9.668953817140668
692,0.09795168294461691,-0.15963758509543866,9.582361272526379
693,0.12322030936210668,-0.21949069034959706,9.599410984116208
694,0.047937437018207255,-0.13856324936905895,9.629994867182697
695,0.01269457733948668,-0.17936858720493104,9.575751314562206
696,0.017195565797583343,-0.1803334146206555,9.521805703559634
697,0.03599498358349996,-0.1551898845200903,9.630939149016873
698,0.014353764768607339,-0.2952580682909298,9.610649082235616
699,-0.034785119479066755,-0.21396267338674702,9.675311503609393
700,0.03517251965806824,-0.25667592786225457,9.531970969736284
701,0.09623846736151129,-0.22785908290126122,9.497640528020801
702,0.03712067197304373,-0.158863442998408,9.602997911944824
703,-0.03627817592617057,-0.2834578504526165,9.541458310309316
704,-0.07959124823701612,-0.3091077608224292,9.599959134188726
705,-0.02809729862948175,-0.2811577095327901,9.581051253519943
706,-0.09247113155946436,-0.20314353282355932,9.556495968607981
707,0.04798903416538641,-0.26091816729893663,9.649064899210758
708,-0.08081511899832478,-0.18629795826145987,9.677275579745826
709,-0.04802475310369186,-0.2976522756776421,9.671957228832133
710,-0.0598772556653772,-0.228269694239323,9.579100843987517
711,-0.021978194802454082,-0.1983872908271256,9.677209882401405
712,-0.12819838095428648,-0.2121293662871236,9.634999884819097
713,-0.15359679240270682,-0.22213185778611277,9.53452780333684
714,-0.05892225051930822,-0.2043797282876606,9.631731989817382
715,-0.12750892773055333,-0.19820832927521984,9.595757218503904
716,-0.10948986662754638,-0.15130319403095033,9.629025180299234
717,-0.1052971645558848,-0.17489868292340024,9.589301251524263
718,-0.13945509185195432,-0.2496548316729595,9.592377048936727
719,-0.08946530277554458,-0.19148912048556543,9.59220394877096
720,-0.1767635680312885,-0.15068096477580967,9.615353745992316
721,-0.09341085186496922,-0.1600483561141063,9.664619579390935
722,-0.1375198422891536,-0.17320816436344944,9.611919264363626
723,-0.09618865065266888,-0.17071127612642223,9.552332849191142
724,-0.07967064710787546,-0.18244726801792396,9.680522009949907
725,-0.15988293246014168,-0.14313503751385123,9.678762339654423
726,-0.10472597703153023,-0.14872320265459976,9.60726802871649
727,-0.11191739334143719,-0.113266250122006,9.668697538843512
728,-0.12534538921887892,-0.1700395561875752,9.637999807086425
729,-0.1348001342317299,-0.17656104769406572,9.64029526403246
730,-0.1287347610363921,-0.17276684148397353,9.639297475053091
731,-0.23634877116227443,-0.11938912807411639,9.6785862445374
732,-0.08336131673953745,-0.1352978619117028,9.647458361435621
733,-0.19033479670520181,-0.05415634705275735,9.571895122950819
734,-0.17817609626203387,-0.09019413022450036,9.669154694347553
735,-0.259751882955789,-0.1155930187364339,9.6495806850847
736,-0.22579909851869123,0.018585167411470024,9.598973998845917
737,-0.21853444638047625,-0.10084430379139249,9.70200976088848
738,-0.22593766840506896,0.08717026944242054,9.600509089150169
739,-0.22802163951155435,-0.1661705687384907,9.520316610273703
740,-0.16832794300442655,-0.09732139918009104,9.639133510287666
741,-0.295484737040893,0.009057864426619142,9.640635379839084
742,-0.16323903040068513,-0.09349556035660975,9.678041283054812
743,-0.32102599185049985,0.026981521539700667,9.611923573073486
744,-0.16510730781810978,-0.11986616966124788,9.658487696584796
745,-0.23259530767144052,-0.00027711270477328437,9.56264287029661
746,-0.16049607073157876,-0.03515402319960055,9.660281324490324
747,-0.16499558180779478,-0.01239888739287335,9.712484337416416
748,-0.19040937029916513,-0.047556946123468585,9.709698757033106
749,-0.29333475178335977,0.04392898446571647,9.590621143818588
750,-0.1875082232696653,0.03545439178985305,9.726688961542644
751,-0.21008299314703202,0.021716110951803626,9.637737489208348
752,-0.12194674297007788,0.010654332181767466,9.63852471711148
753,-0.13323654355548137,0.048908970787678765,9.672929429148756
754,-0.11925692136814993,-0.031923627896634554,9.653727106424983
755,-0.036780250131767306,0.0002647324159270846,9.669322556602706
756,-0.22172574591733396,0.05726160917224634,9.674776037679498
757,-0.2386154993525003,0.0706564734141238,9.731651078968591
758,-0.3313435360465826,0.018482820007574147,9.633209642424754
759,-0.2443566471894966,-0.001177761641638242,9.682934101872245
760,-0.17359185967118168,0.06843282603310298,9.710627897272003
761,-0.09410020385030937,0.1589368796481588,9.683077311820963
762,-0.14003428922898312,0.1470833547132383,9.67887280729694
763,-0.18875480787635046,0.13885553651167337,9.690415062582481
764,-0.24553100237995507,0.029733117661084038,9.69883498470209
765,-0.13017566431611602,0.10389527946027287,9.739120511110741
766,-0.2054338297271368,0.049412410947292935,9.768760348215672
767,-0.19936250379585202,0.11951271292556508,9.641832659162548
768,-0.0974812977418816,0.05496794110417536,9.792783912790496
769,-0.1291268133085073,0.11287342776843692,9.691513893695676
770,-0.1796396984427213,0.14341566088639662,9.746898041934069
771,-0.09117461281205819,0.12274560453785634,9.698145837740633
772,-0.1620659206273842,0.2475864069349815,9.773935798406983
773,-0.037271186524927155,0.15599330480167128,9.727537930563003
774,-0.1367243566051066,0.18649243595392145,9.711315056581226
775,-0.1063556928592589,0.12805087035957718,9.740359988874916
776,-0.1204592555039523,0.11679925339446395,9.755819988861463
777,-0.06639921357987606,0.07919466267637362,9.734660118752723
778,-0.06698966074478213,0.10351882472814729,9.807024345740546
779,-0.1670521351869789,0.2545256018648741,9.737347125871246
780,-0.15573766139607165,0.13884896751210385,9.678772807359254
781,-0.08422563334765419,0.17811771072814364,9.757996252945636
782,-0.07031765621502217,0.12785948969972238,9.824278429672884
783,-0.20595455306966212,0.2218721237574931,9.63361469732988
784,-0.11294831328298854,0.18932247217895756,9.695082812165749
785,-0.0678433886460861,0.21184214963836054,9.749782951732568
786,-0.10409946191843937,0.2363189382134839,9.71978978848219
787,-0.05223826284250663,0.21619860741675576,9.724413536628623
788,-0.08512943475848411,0.1132969979622146,9.748117083431678
789,0.004931094764591845,0.16328813131303221,9.81068678092531
790,-0.09239388490928052,0.15586368856208416,9.76787791105788
791,-0.1474341964364558,0.20930742438711564,9.70598264241754
792,-0.06474764556542817,0.1588907318640826,9.643530611629565
793,0.07137618418999997,0.1926985014720796,9.71385971885766
794,0.036444204439059186,0.2656676171662792,9.814410002170284
795,-0.0091740352800288,0.23026090118435896,9.78217717877796
796,-0.08128814295536471,0.19571412889534812,9.750297349682397
797,0.026766232650866712,0.19931329383092106,9.83552908539384
798,-0.10912923134864286,0.19328658089877973,9.714049398195613
799,-0.0883823188701275,0.23641469203668414,9.871263774218175
800,-0.014511879858356443,0.2096447347687313,9.784232307039993
801,0.012888242636555785,0.27950044999422635,9.867505941691583
802,-0.03467114790994407,0.31058284898018046,9.858406178739067
803,0.03239678277532091,0.14547777203452847,9.913024518551174
804,0.015683780918765204,0.2629558245171858,9.791692332438304
805,0.05071668007556121,0.18077591432947898,9.79744989565905
806,0.04353345661015904,0.20695950594696083,9.860381031003245
807,0.15648592497649738,0.13317504675206654,9.860889151576522
808,-0.011704718139220117,0.1771673331969442,9.854859557698358
809,0.09900303616156764,0.23381564442718386,9.82200685718457
810,0.1190517759922052,0.20884902498906535,9.847694615680425
811,0.056554568642633356,0.18297702844400662,9.873717503755465
812,-0.004316224748015657,0.19782191304913618,9.889883822958607
813,0.05354063022792317,0.04942892363115048,9.844717371652168
814,0.10920263252457507,0.20798997567934702,9.805039389132613
815,0.05861122067724021,0.24102403995918464,9.83990211988224
816,0.10998688664635571,0.1537983493658784,9.889347113922778
817,0.11677492879522808,0.1811810902492237,9.896187882198168
818,0.02649851463694676,0.17381465865308857,9.909041987003915
819,0.17151823102941594,0.11875185078509606,9.809846794454266
820,0.20441278514442696,0.14664759008755368,9.863017201188821
821,0.13262507312908842,0.12371328284885627,9.848205507323069
822,-0.021086317790489334,0.16467849431197282,9.889083778983895
823,0.07495987646697488,0.00815189417916004,9.718141336760018
824,0.14446632638354645,0.08624286398994563,9.795390274947335
825,0.1576396877262001,0.17831185052457962,9.847409574859467
826,0.12324449887671804,0.12585900979200695,9.88597745660176
827,0.12741531073007603,0.10314909126679354,9.788226939382657
828,0.09094161954484269,0.2466375576346492,9.917144843938548
829,0.17600263676075162,0.08498221578588724,9.873140665079323
830,0.16518804955893518,0.15509326829471445,9.887259554156588
831,0.15950619283716283,0.15529809501124342,9.918610741679565
832,0.14988260365336092,0.1341163289493284,9.903087860597147
833,0.20255205861067518,0.12419045286669084,9.966309861424811
834,0.1910277982276259,0.09810952989950127,9.768015571879873
835,0.12067763426222126,0.1126984368332861,9.932850152200707
836,0.12106238028726538,0.12084439201700709,9.877521121073407
837,0.14636324378509552,0.13376081673661644,9.972250951592814
838,0.15645031677130486,0.04032821587384624,9.892591985292
839,0.19049978075110108,-0.03887965677347763,9.852586516323278
840,0.15791143187457124,-0.0015743369529529552,9.924405220349593
841,0.2320771098211744,0.03695308451915323,9.993658008254592
842,0.15758241951571858,0.12165247327469136,9.980193759035267
843,0.22423762198897798,-0.00576793860332267,9.8526960280057
844,0.18337082983835523,0.044159443786227166,9.895636355102052
845,0.14603171873672624,0.02066057698265899,9.90027783038204
846,0.188501633096768,-0.00196117656420379,9.99852513435991
847,0.2124450915337343,-0.021393061568497868,9.932292010266607
848,0.18014871816644576,-0.04824525630394494,9.950625135150096
849,0.2214233766651532,0.04059705913231932,9.977254045041416
850,0.24811609322157696,-0.11251319626178256,9.89221292574347
851,0.307393795263876,-0.12488735022605504,9.868274888403255
852,0.17018177531415568,0.01496047107377833,9.92226967368238
853,0.1610442337210517,-0.042607896172434594,9.908669375633925
854,0.1646457674913535,-0.002972512763553533,9.889845080900006
855,0.2212837601248408,0.06498430662460222,9.959678772317138
856,0.14709327027375205,-0.029451556476922883,10.041834829826652
857,0.22637952730409858,-0.019983705474327623,9.954155359305872
858,0.24283244765708864,0.03222666752379881,9.999281981366916
859,0.22299662330808234,-0.10032585390693147,9.821656546052562
860,0.2133186811019294,-0.036513591981675544,10.004437527254089
861,0.10006996686391197,-0.006620831010902509,9.982780371033387
862,0.13378807173677984,-0.089831550396371,10.048878092052085
863,0.23491834181830915,0.02390202185570532,9.97150792721516
864,0.23996320246343567,-0.12661875165943773,9.855388803387171
865,0.1639844231346118,-0.07316409119747828,9.991650549400541
866,0.19932296743879174,-0.15044373357832244,10.048321431203421
867,0.08241081184525058,-0.13236466521955792,10.001176936416103
868,0.14221274324201688,-0.05633378637273782,9.902347360325752
869,0.1920759575126404,-0.1333413427812428,9.99056001126299
870,0.22779866494110468,-0.12235252589856423,9.961230813050541
871,0.17359506660845106,-0.10895893084441102,9.910784567547323
872,0.05872100630332752,-0.05565143253338864,9.959461770385895
873,0.21755029200548992,-0.1304402916586747,9.96712987494705
874,0.148216062371615,-0.210987228738879,9.980760451234826
875,0.19993801819280538,-0.15200157293414882,10.059200505076694
876,0.0770087592938544,-0.19526550276961574,10.001946815898776
877,0.12130454945287193,-0.2225289610241993,9.972794351341653
878,0.04089180529289063,-0.11848038708178743,9.939892583708863
879,0.19246671841572244,-0.17107056438208731,9.965554559218083
880,0.16132560669183396,-0.12406595803270012,9.942823513207278
881,0.05922092301818513,-0.22566953452030436,10.027320281672358
882,0.18088138519149616,-0.11210006330755282,9.954844041816042
883,0.07533717885980416,-0.10373775529749184,9.993774073068307
884,0.10172077416155738,-0.2312146527996962,9.920135333965233
885,0.1268066261392081,-0.141053825238204,9.974257411866246
886,0.09870731245150739,-0.1473953239074126,10.101297445363002
887,-0.017422204077919723,-0.07576553150330864,9.988404892492694
888,0.1711793762185556,-0.18706422769052164,9.988709800641274
889,0.004211356019956897,-0.14812050345321287,9.981532653409
890,0.03597362205559877,-0.09568364300692844,9.988849133167529
891,0.07522332238472197,-0.13283504700956258,10.005447119445922
892,0.10423764940107164,-0.1631099032316873,10.032108454769531
893,0.06635678682819442,-0.0772352859494834,10.012450564395323
894,0.023911804637027613,-0.2673002132444223,10.032400421409513
895,-4.3296443999502054e-05,-0.1876321436411036,10.019411305409927
896,0.09831701229362838,-0.16655142409773038,9.892361822712529
897,0.026767591810878136,-0.17025688147498555,10.002030924419785
898,0.07831177553072216,-0.17735938265847923,9.989307259351401
899,-0.0004597730106193406,-0.20381525176274276,10.141931472788336
900,0.018834068136038523,-0.1992073957384083,9.88090947050161
901,-0.07877131886934688,-0.1539567104608292,10.109911746789491
902,-0.02091238900246948,-0.20676165066142804,10.016524686846402
903,0.056284592628322465,-0.14906946819625583,10.091644348268721
904,0.09834302296214402,-0.10459131393164676,9.991416560988847
905,-0.10124373280949589,-0.2301316400361043,10.079804675844441
906,-0.09104006377891272,-0.1862453627326036,10.056190137675577
907,-0.034835151811745436,-0.2219820991155165,9.998725545825952
908,0.04258328066742114,-0.24813404997006594,10.055519405913456
909,-0.0463549697744223,-0.27609722587995256,10.064813152549569
910,-0.06351525870709025,-0.24545822412474602,9.967004496882103
911,0.024639725650488345,-0.08360997055842068,9.994004913756568
912,-0.008820278271129675,-0.18119435205022974,9.916577353064453
913,-0.16292737292706272,-0.1663746174818349,9.999730760642537
914,-0.04676993861729638,-0.18481242106193885,9.949091665440227
915,-0.047488711352281734,-0.14982159697415046,10.058199614514418
916,-0.024235972209871018,-0.14128746248242696,10.03582445135757
917,-0.10300445203449571,-0.17520306206143896,9.974683002183397
918,-0.082531558557316,-0.14934079954867524,10.060008246132817
919,-0.009303861889161949,-0.1947202538288648,9.931412185025664
920,-0.10534719145756259,-0.24572093660819502,9.992953466989487
921,-0.15440514427730673,-0.18124887303916376,9.964179540934012
922,-0.10052742038674149,-0.14683733686823902,9.990509151133143
923,-0.15357527587901515,-0.11584064311570874,10.03176251882748
924,-0.13681655860783057,-0.05389081994495881,10.06977933752998
925,-0.09002466671952147,-0.20358146662302684,10.046818533858934
926,-0.1897362548170387,-0.16855803021877663,10.032539234026986
927,-0.11157966224847803,-0.10598404534026706,9.977351395929702
928,-0.2211289280467328,-0.1663131598773151,9.992394406660274
929,-0.09229215185368901,-0.11830327176077035,9.948894294449762
930,-0.16448722215006017,-0.06918673022380986,10.035632014753352
931,-0.2686613319128679,-0.07926169464752311,10.033676722983671
932,-0.17754730957946613,-0.08098922901077117,9.968237323175122
933,-0.24904393375707917,-0.08951653162482065,9.958998250470588
934,-0.12380673453602134,-0.14792972262231985,9.867757285180359
935,-0.20709022432951602,-0.16238052174124887,10.035896598102532
936,-0.18318864190492815,-0.013822204482342768,9.893245613201104
937,-0.1538679256144872,-0.051589160003326175,10.064699916297092
938,-0.2961791648373263,-0.08862571295378058,9.943504416679366
939,-0.12411253897895354,-0.13352781640593814,9.940526661760979
940,-0.18924791118319945,-0.11124918405733489,9.893620709201178
941,-0.15434663954872424,-0.054195143569656615,9.944826704315506
942,-0.23341132647385088,-0.053052266385943,9.987920858764534
943,-0.23668188820664549,-0.07635679645965086,9.906800449609728
944,-0.15648683847846298,-0.0354149819279392,9.95220897922347
945,-0.20356586728319165,-0.09777921700856211,9.957572657040819
946,-0.20404446116945943,-0.00010581889735151312,9.89165711739726
947,-0.1848068720740216,-0.013366716585574711,9.958948052022894
948,-0.2167249754477608,0.06578140654585024,9.898078227821882
949,-0.16695607147682423,-0.007357866379866974,9.933000634403864
950,-0.2288620920006294,0.023024876593825263,9.979977003324985
951,-0.28388282121589314,0.0856887180698718,9.961980945162983
952,-0.09416703647061031,0.046076496757133545,9.91179687663053
953,-0.1733540533045415,0.05507437070874062,9.971066045837972
954,-0.2754541986169847,-0.0014678761226127254,9.837492734732155
955,-0.20607932642498797,-0.05827817527026849,9.911333939746008
956,-0.20776814736052143,-0.012334414353016035,9.90584165868141
957,-0.19465001909190452,0.1300724597728697,9.96495518899882
958,-0.21574868578075126,0.037946728359578366,9.970092451983824
959,-0.07981339181055606,0.0023495007883369765,9.95829332312434
960,-0.22663727540124978,0.03649529374777617,9.918692291525069
961,-0.14733148354393855,0.07064085244733048,9.864662909832541
962,-0.1435990763090552,0.04401033333234455,9.951570746809459
963,-0.2307283054158206,0.03266903569691032,9.893306999436474
964,-0.19128977013311727,0.10382298999218655,9.847237570284197
965,-0.22359855273144752,0.19073960215251956,9.889034451184237
966,-0.13331249126088432,0.023172422332312217,9.854836628436113
967,-0.24306406766442507,0.025306408232409483,9.862014330871437
968,-0.16083109260376513,0.161586622583741,9.911662014775747
969,-0.09865690015236622,0.16597962146092723,9.88832263537327
970,-0.19546422262355137,0.091444799603555,9.818012962339077
971,-0.14920168411071658,0.1036897430762486,9.889787186985544
972,-0.22763441809837465,0.19470143858645975,9.962391874275207
973,-0.077916834888077,0.1657611291362912,9.856120003137036
974,-0.06846898160663728,0.10703259199271305,9.797892656663592
975,-0.15896271302664247,0.15825925462061013,9.87958164157821
976,-0.1923634653232157,0.17006415602258768,9.866643996141649
977,-0.04979997298364465,0.14634996606455825,9.835655464136064
978,-0.16275909427491686,0.05024631934958583,9.850749451057714
979,-0.05341284991100628,0.19395585382200986,9.859156164064332
980,-0.015040916564818763,0.23153224724735266,9.88284918773838
981,-0.10025794832899383,0.18332589466814814,9.876957249591273
982,-0.08297947242468054,0.1892978218329347,9.873163258154177
983,-0.11562890883407001,0.17581926677300538,9.816463121741196
984,-0.04617858037275811,0.20320940646361785,9.85835851561551
985,-0.04467339464548559,0.14890620557887707,9.905633385202126
986,-0.1886811158431907,0.08966073956416734,9.833470559749943
987,-0.05694936999688799,0.12634110657358516,9.757942100165948
988,-0.07897347687531775,0.21352622711071736,9.834219945116343
989,-0.09908604361629927,0.19050336554887334,9.817835694283175
990,0.030209065970700666,0.19362582714340168,9.85815646447898
991,-0.10053917554709975,0.12775257910993504,9.737661507568017
992,-0.06169809300135321,0.166873852682102,9.77431803721208
993,-0.011679666764117969,0.2254722846739416,9.756363409641937
994,0.0006549398856682334,0.19711051409144073,9.79335554656118
995,-0.05591417007727588,0.2214018856942441,9.788209546803381
996,-0.06087341305081705,0.28103300931991626,9.765940091618594
997,-0.05413499979379291,0.2155367298918922,9.826914216950053
998,-0.02658264349387312,0.2218548906220188,9.787802403220981
999,-0.003665238208947376,0.2095553708459198,9.751026560437321
