timestamp,x,y,z
2025-03-02 15:21:25,1.16,0.12,0.18
2025-03-02 15:21:27,0.79,-0.06,0.18
2025-03-02 15:21:28,0.79,-0.12,-0.18
2025-03-02 15:21:30,1.04,0.06,0.18
2025-03-02 15:21:31,0.12,-0.31,-0.43
2025-03-02 15:21:32,-0.92,-0.18,-0.31
2025-03-02 15:21:34,0.61,-0.18,-0.55
2025-03-02 15:21:35,0.55,0.06,0.12
2025-03-02 15:21:36,-3.23,-0.85,-0.55
2025-03-02 15:21:38,0.12,0.0,-0.06
2025-03-02 15:21:39,-0.55,-0.43,-0.49
2025-03-02 15:21:41,0.12,-0.24,-0.37
2025-03-02 15:21:42,0.61,0.0,-0.06
2025-03-02 15:21:43,0.06,-0.18,-0.18
2025-03-02 15:21:45,0.73,-0.06,-0.06
2025-03-02 15:21:46,1.53,0.24,0.24
2025-03-02 15:21:47,0.79,-0.24,-0.12
2025-03-02 15:21:49,0.61,-0.06,-0.18
2025-03-02 15:21:50,2.5,0.31,0.61
2025-03-02 15:21:51,-0.31,-0.24,-0.67
2025-03-02 15:21:53,0.55,-0.12,-0.24
2025-03-02 15:21:54,1.46,-0.12,-0.61
2025-03-02 15:21:56,-0.73,-0.37,-0.06
2025-03-02 15:21:57,0.73,-0.06,-0.31
2025-03-02 15:21:59,-0.06,-0.18,-0.37
2025-03-02 15:22:00,-2.14,-0.67,-0.61
2025-03-02 15:22:02,-0.06,-0.24,-0.24
2025-03-02 15:22:03,0.43,-0.24,-0.06
2025-03-02 15:22:04,-0.12,-0.43,-0.12
2025-03-02 15:22:06,-0.12,-0.24,-0.37
2025-03-02 15:22:07,2.38,0.24,-0.31
2025-03-02 15:22:09,0.61,-0.12,-0.37
2025-03-02 15:22:10,0.37,-0.06,-0.31
2025-03-02 15:22:11,0.49,0.0,-0.06
2025-03-02 15:22:13,-0.79,-0.55,-0.43
2025-03-02 15:22:14,-0.37,-0.12,-0.37
2025-03-02 15:22:15,-0.92,-0.24,-0.85
2025-03-02 15:22:17,-0.12,-0.31,-0.43
2025-03-02 15:22:18,-1.22,-0.61,-0.61
2025-03-02 15:22:20,1.83,0.31,0.49
2025-03-02 15:22:21,-1.4,-0.49,-0.55
2025-03-02 15:22:22,-2.44,-0.73,-0.85
2025-03-02 15:22:24,0.31,-0.12,-0.06
2025-03-02 15:22:25,0.79,-0.31,0.12
2025-03-02 15:22:27,1.46,0.06,0.24
2025-03-02 15:22:28,1.22,0.06,0.12
2025-03-02 15:22:29,-0.67,-0.49,-0.49
2025-03-02 15:22:31,0.43,-0.12,-0.06
2025-03-02 15:22:32,0.24,-0.06,-0.31
2025-03-02 15:22:34,0.79,0.06,0.18
2025-03-02 15:22:35,0.24,-0.31,-0.24
2025-03-02 15:22:36,-3.3,-1.16,-0.73
2025-03-02 15:22:38,-0.31,0.0,-0.06
2025-03-02 15:22:39,-0.18,-0.24,-0.12
2025-03-02 15:22:40,0.24,-0.18,0.0
2025-03-02 15:22:42,0.12,0.0,-0.37
2025-03-02 15:22:43,-0.12,-0.31,-0.31
2025-03-02 15:22:44,0.0,-0.49,-0.18
2025-03-02 15:22:46,-0.18,-0.18,0.0
2025-03-02 15:22:47,2.14,0.18,0.24
2025-03-02 15:22:48,-0.49,-0.31,-0.37
2025-03-02 15:22:50,0.0,0.12,-0.31
2025-03-02 15:22:51,-0.55,-0.49,-0.49
2025-03-02 15:22:53,0.73,-0.18,-0.06
2025-03-02 15:22:54,4.64,0.61,0.67
2025-03-02 15:22:56,1.04,0.0,0.61
2025-03-02 15:22:57,0.18,-0.18,-0.49
2025-03-02 15:22:59,0.37,-0.06,-0.37
2025-03-02 15:23:00,-0.18,-0.43,0.55
2025-03-02 15:23:01,-0.31,-0.49,-0.24
2025-03-02 15:23:03,0.06,0.12,-0.49
2025-03-02 15:23:04,-0.79,-0.37,-0.37
2025-03-02 15:23:06,0.0,-0.37,-0.37
2025-03-02 15:23:07,-0.73,-0.12,-0.73
2025-03-02 15:23:08,0.67,-0.55,0.06
2025-03-02 15:23:10,0.61,-0.18,-0.31
2025-03-02 15:23:11,-0.18,0.06,-0.43
2025-03-02 15:23:13,0.37,-0.37,-0.49
2025-03-02 15:23:14,-1.53,-0.43,-0.67
2025-03-02 15:23:15,0.0,-0.55,-0.67
2025-03-02 15:23:17,0.92,-0.18,0.31
2025-03-02 15:23:18,-2.26,-0.98,-0.31
2025-03-02 15:23:19,-0.92,-0.49,-0.73
2025-03-02 15:23:21,0.67,-0.06,-0.12
2025-03-02 15:23:23,4.76,0.85,0.85
2025-03-02 15:23:24,1.46,0.24,-0.18
2025-03-02 15:23:25,-0.43,-0.24,-0.37
2025-03-02 15:23:27,-0.55,-0.06,-0.37
2025-03-02 15:23:28,0.49,-0.12,0.18
2025-03-02 15:23:30,1.65,0.37,0.55
2025-03-02 15:23:31,-1.1,-0.55,-0.37
2025-03-02 15:23:32,0.43,-0.06,-0.12
2025-03-02 15:23:34,0.43,-0.06,-0.24
2025-03-02 15:23:35,-1.77,-0.73,-1.16
2025-03-02 15:23:37,-0.18,-0.18,-0.43
2025-03-02 15:23:38,-0.37,-0.31,-0.37
2025-03-02 15:23:40,0.24,-0.18,-0.31
2025-03-02 15:23:41,-1.28,-0.12,-0.43
2025-03-02 15:23:42,0.79,-0.06,-0.43
2025-03-02 15:23:44,0.0,-0.24,-0.24
2025-03-02 15:23:45,3.91,0.37,-0.24
2025-03-02 15:23:47,0.85,0.0,0.43
2025-03-02 15:23:48,0.12,-0.12,-0.18
2025-03-02 15:23:49,6.77,0.67,-0.12
2025-03-02 15:23:51,0.06,-0.06,-0.49
2025-03-02 15:23:52,-0.49,-0.31,-0.31
2025-03-02 15:23:53,-5.37,-1.46,-1.59
2025-03-02 15:23:55,0.43,-0.06,-0.12
2025-03-02 15:23:56,-0.18,-0.73,-2.5
2025-03-02 15:23:57,2.01,0.0,0.0
2025-03-02 15:23:59,0.79,0.06,0.24
2025-03-02 15:24:00,-1.89,-0.55,-0.98
2025-03-02 15:24:02,-1.34,-0.43,-0.98
2025-03-02 15:24:03,-1.83,-0.98,-2.26
2025-03-02 15:24:04,-0.55,-0.49,-0.49
2025-03-02 15:24:06,1.16,0.12,0.06
2025-03-02 15:24:07,-6.41,-1.95,-1.59
2025-03-02 15:24:08,0.18,0.12,-0.06
2025-03-02 15:24:10,-6.35,-1.22,-3.36
2025-03-02 15:24:11,-0.18,-0.43,-0.49
2025-03-02 15:24:12,-1.89,0.0,1.65
2025-03-02 15:24:14,4.33,0.85,0.43
2025-03-02 15:24:15,0.24,-0.24,-0.12
2025-03-02 15:24:17,-1.77,-0.24,-0.43
2025-03-02 15:24:18,-1.28,-0.12,-0.55
2025-03-02 15:24:20,-6.53,-1.59,-1.65
2025-03-02 15:24:21,1.71,-0.06,0.24
2025-03-02 15:24:22,1.28,-0.06,-0.18
2025-03-02 15:24:24,2.01,0.18,0.92
2025-03-02 15:24:25,-0.49,-0.37,-0.12
2025-03-02 15:24:26,8.73,-0.12,-0.92
2025-03-02 15:24:28,0.85,-0.18,-0.31
2025-03-02 15:24:29,0.61,-0.73,-3.6
2025-03-02 15:24:31,-0.37,-0.55,-0.85
2025-03-02 15:24:32,-1.34,-0.12,0.73
2025-03-02 15:24:33,1.89,0.18,-1.04
2025-03-02 15:24:35,1.53,0.12,-0.31
2025-03-02 15:24:36,-6.71,-2.01,-1.53
2025-03-02 15:24:38,-0.85,0.43,0.67
2025-03-02 15:24:39,1.71,-0.24,-0.73
2025-03-02 15:24:40,-0.24,-0.18,0.18
2025-03-02 15:24:42,2.75,0.12,-0.61
2025-03-02 15:24:43,-1.53,-0.37,-1.4
2025-03-02 15:24:45,-2.08,-0.67,-0.79
2025-03-02 15:24:46,2.2,0.12,-0.31
2025-03-02 15:24:47,1.4,0.55,0.49
2025-03-02 15:24:49,-7.75,-1.77,-2.32
2025-03-02 15:24:50,-0.12,-0.12,-0.06
2025-03-02 15:24:51,3.17,0.49,3.36
2025-03-02 15:24:53,-1.83,-1.28,-1.83
2025-03-02 15:24:54,1.34,0.31,0.31
2025-03-02 15:24:55,3.91,0.92,0.79
2025-03-02 15:24:57,-1.28,-0.55,-0.85
2025-03-02 15:24:58,0.79,-0.24,2.44
2025-03-02 15:25:00,-0.37,-0.37,-1.65
2025-03-02 15:25:01,0.92,0.0,-0.12
2025-03-02 15:25:02,1.16,-0.06,-0.12
2025-03-02 15:25:04,0.24,0.06,0.06
2025-03-02 15:25:05,-1.89,-0.73,-1.1
2025-03-02 15:25:07,0.92,0.0,-0.06
2025-03-02 15:25:08,0.24,0.06,0.06
2025-03-02 15:25:09,0.67,-0.06,-0.31
2025-03-02 15:25:11,1.71,0.0,-0.31
2025-03-02 15:25:12,0.92,0.12,-0.43
2025-03-02 15:25:13,0.92,0.18,-0.18
2025-03-02 15:25:15,-3.6,-0.92,-0.79
2025-03-02 15:25:16,-1.22,-0.31,-0.61
2025-03-02 15:25:17,1.46,0.18,0.06
2025-03-02 15:25:19,-0.06,-0.06,-0.18
2025-03-02 15:25:20,1.34,0.37,-0.31
2025-03-02 15:25:21,-0.06,-0.06,-0.18
2025-03-02 15:25:23,0.06,-0.12,-0.18
2025-03-02 15:25:24,-0.12,-0.73,0.98
2025-03-02 15:25:26,0.06,-0.31,-0.06
2025-03-02 15:25:27,2.62,0.24,0.0
2025-03-02 15:25:29,1.59,0.24,-0.12
2025-03-02 15:25:30,-0.24,-0.55,-0.85
2025-03-02 15:25:31,0.18,-0.06,0.18
2025-03-02 15:25:33,0.0,-0.06,-0.18
2025-03-02 15:25:34,-1.34,-0.67,-0.24
2025-03-02 15:25:35,0.98,0.06,0.37
2025-03-02 15:25:37,0.18,-0.31,-0.43
2025-03-02 15:25:38,-0.67,-0.43,-0.43
2025-03-02 15:25:39,-0.49,-0.37,-0.43
2025-03-02 15:25:41,0.06,0.0,-0.43
2025-03-02 15:25:42,-0.61,-0.49,-0.49
2025-03-02 15:25:44,7.69,0.79,0.12
2025-03-02 15:25:45,0.98,0.43,0.0
2025-03-02 15:25:46,0.18,-0.31,0.0
2025-03-02 15:25:48,-0.06,-0.12,-0.18
2025-03-02 15:25:49,0.92,0.12,0.37
2025-03-02 15:25:50,0.61,0.0,0.12
2025-03-02 15:25:52,-1.46,-0.37,-1.04
2025-03-02 15:25:53,-3.23,-0.49,-1.04
2025-03-02 15:25:55,0.37,-0.24,-0.12
2025-03-02 15:25:56,-0.61,-0.31,-0.67
2025-03-02 15:25:57,1.53,-0.06,-0.06
2025-03-02 15:25:59,-0.43,-0.61,-0.43
2025-03-02 15:26:00,-1.16,-0.43,-0.73
2025-03-02 15:26:02,-0.67,-0.24,-0.37
2025-03-02 15:26:03,-0.24,-0.43,-0.67
2025-03-02 15:26:04,-0.31,-0.24,-0.73
2025-03-02 15:26:06,-0.24,-0.24,-0.37
2025-03-02 15:26:07,0.79,0.0,0.18
2025-03-02 15:26:08,0.37,0.24,0.06
2025-03-02 15:26:10,-1.28,-0.37,0.0
2025-03-02 15:26:12,0.79,0.0,0.18
2025-03-02 15:26:13,-0.24,-0.18,-0.31
2025-03-02 15:26:14,0.31,-0.31,0.06
2025-03-02 15:26:16,2.38,0.18,0.24
2025-03-02 15:26:17,-0.61,-0.24,-0.79
2025-03-02 15:26:19,-0.92,-0.73,-0.18
2025-03-02 15:26:20,1.71,0.24,0.55
2025-03-02 15:26:22,0.55,-0.06,0.0
2025-03-02 15:26:23,-2.44,-0.79,-0.98
2025-03-02 15:26:24,0.79,-0.12,0.18
2025-03-02 15:26:26,0.0,-0.18,-0.24
2025-03-02 15:26:27,-0.43,-0.06,-0.43
2025-03-02 15:26:29,1.04,0.18,0.31
2025-03-02 15:26:30,14.83,-0.49,-0.24
2025-03-02 15:26:31,0.0,0.55,0.79
2025-03-02 15:26:33,0.92,0.37,0.24
2025-03-02 15:26:34,-0.43,-0.43,-0.43
2025-03-02 15:26:36,-2.14,-0.85,-0.55
2025-03-02 15:26:37,3.36,0.24,0.43
2025-03-02 15:26:39,0.37,-0.12,-0.67
2025-03-02 15:26:40,-1.95,-0.79,-1.04
2025-03-02 15:26:41,-0.73,-0.37,-0.31
2025-03-02 15:26:43,0.18,-0.18,-0.49
2025-03-02 15:26:44,-0.43,-0.43,-0.31
2025-03-02 15:26:45,-0.31,-0.31,-0.31
2025-03-02 15:26:47,0.24,0.0,-0.18
2025-03-02 15:26:48,-1.53,-0.49,-0.55
2025-03-02 15:26:49,-0.06,-0.24,-0.18
2025-03-02 15:26:51,0.18,-0.12,-0.43
2025-03-02 15:26:52,-0.67,-0.31,-0.37
2025-03-02 15:26:53,-0.18,-0.37,-0.43
2025-03-02 15:26:55,0.12,-0.12,-0.49
2025-03-02 15:26:56,0.18,-0.24,-0.31
2025-03-02 15:26:58,-0.18,-0.31,-0.37
2025-03-02 15:26:59,1.04,0.0,-0.43
2025-03-02 15:27:00,0.0,-0.18,-0.37
2025-03-02 15:27:02,-0.43,-0.24,-0.43
2025-03-02 15:27:03,0.98,0.0,-0.37
2025-03-02 15:27:04,0.67,-0.12,0.0
2025-03-02 15:27:07,0.24,-0.18,0.31
2025-03-02 15:27:08,0.67,-0.18,-0.55
2025-03-02 15:27:09,0.37,-0.12,-0.24
2025-03-02 15:27:11,-0.18,-0.18,-0.24
2025-03-02 15:27:12,0.73,-0.06,-0.37
2025-03-02 15:27:13,0.92,-0.12,0.0
2025-03-02 15:27:15,0.24,-0.18,-0.24
2025-03-02 15:27:16,-0.37,-0.37,-0.31
2025-03-02 15:27:17,-0.12,-0.37,-0.31
2025-03-02 15:27:19,0.67,-0.12,-0.31
2025-03-02 15:27:20,0.24,-0.18,-0.43
2025-03-02 15:27:22,-0.73,-0.31,-0.31
2025-03-02 15:27:23,0.37,-0.18,-0.12
2025-03-02 15:27:24,0.43,-0.18,-0.18
2025-03-02 15:27:26,-0.24,-0.24,-0.12
2025-03-02 15:27:27,-0.67,-0.31,-0.61
2025-03-02 15:27:29,0.06,-0.24,-0.24
2025-03-02 15:27:30,0.24,-0.12,-0.12
2025-03-02 15:27:31,0.31,-0.12,-0.18
2025-03-02 15:27:33,0.31,-0.24,-0.31
2025-03-02 15:27:34,0.24,-0.06,-0.12
2025-03-02 15:27:36,0.55,-0.24,-0.12
2025-03-02 15:27:37,0.37,-0.06,-0.18
2025-03-02 15:27:39,-0.18,-0.31,-0.31
2025-03-02 15:27:40,0.06,-0.12,-0.18
2025-03-02 15:27:41,0.55,-0.06,-0.18
2025-03-02 15:27:41,0.55,-0.06,-0.18
2025-03-02 15:28:24,0.24,-0.24,-0.24
2025-03-02 15:28:25,0.61,-0.12,-0.12
2025-03-02 15:28:26,0.12,-0.18,-0.24
2025-03-02 15:28:28,0.12,-0.18,-0.24
2025-03-02 15:28:30,0.49,-0.12,-0.18
2025-03-02 15:28:31,0.24,-0.18,-0.24
2025-03-02 15:28:33,0.37,-0.12,-0.12
2025-03-02 15:28:34,0.31,-0.18,-0.24
2025-03-02 15:28:35,0.31,-0.18,-0.24
2025-03-02 15:28:37,-15.56,-0.24,-0.24
2025-03-02 15:28:38,-0.73,-0.37,-0.24
2025-03-02 15:28:40,-0.12,-0.18,-0.31
2025-03-02 15:28:41,-0.24,-0.24,-0.18
2025-03-02 15:28:43,-0.06,-0.18,-0.24
2025-03-02 15:28:44,-0.12,-0.18,-0.12
2025-03-02 15:28:46,-2.01,-0.49,-0.79
2025-03-02 15:28:47,-0.55,-0.37,-0.24
2025-03-02 15:28:49,0.06,-0.24,-0.37
2025-03-02 15:28:50,-0.12,-0.24,-0.24
2025-03-02 15:28:52,0.0,-0.24,-0.31
2025-03-02 15:28:53,0.0,-0.24,-0.31
2025-03-02 15:28:54,-0.18,-0.18,-0.31
2025-03-02 15:28:56,0.49,-0.18,-0.31
2025-03-02 15:28:58,0.43,-0.18,-0.18
2025-03-02 15:28:59,0.12,-0.18,-0.24
2025-03-02 15:29:01,-0.24,-0.31,-0.31
2025-03-02 15:29:02,-0.18,-0.24,-0.31
2025-03-02 15:29:03,0.0,-0.18,-0.31
2025-03-02 15:29:05,0.0,-0.12,-0.37
2025-03-02 15:29:06,-0.98,-0.31,-0.37
2025-03-02 15:29:07,-0.06,-0.31,-0.18
2025-03-02 15:29:09,0.37,-0.24,-0.49
2025-03-02 15:29:10,0.61,-0.12,-0.24
2025-03-02 15:29:11,-0.12,-0.18,-0.12
2025-03-02 15:29:13,0.18,-0.12,-0.24
2025-03-02 15:29:14,-0.43,-0.24,-0.18
2025-03-02 15:29:16,0.31,-0.18,-0.31
2025-03-02 15:29:17,-0.18,-0.31,-0.37
2025-03-02 15:29:18,0.31,-0.18,-0.12
2025-03-02 15:29:20,-0.73,-0.31,-0.49
2025-03-02 15:29:21,-0.18,-0.18,-0.37
2025-03-02 15:29:22,0.31,-0.18,-0.37
2025-03-02 15:29:24,0.18,-0.24,-0.37
2025-03-02 15:29:25,-0.12,-0.18,-0.37
2025-03-02 15:29:27,0.06,-0.31,-0.18
2025-03-02 15:29:28,0.31,-0.18,-0.24
2025-03-02 15:29:30,0.85,0.12,0.0
2025-03-02 15:29:31,-1.59,-0.43,-0.92
2025-03-02 15:29:32,-0.92,-0.67,-0.55
2025-03-02 15:29:34,1.34,0.18,0.67
2025-03-02 15:29:35,1.22,0.24,0.18
2025-03-02 15:29:37,6.59,1.34,1.28
2025-03-02 15:29:38,2.08,-0.31,0.31
2025-03-02 15:29:39,2.93,0.61,0.61
2025-03-02 15:29:41,-243.04,-78.19,-191.1
2025-03-02 15:29:42,44.49,-13.85,24.84
2025-03-02 15:29:43,104.06,-7.08,83.25
2025-03-02 15:29:45,173.77,42.24,158.81
2025-03-02 15:29:46,66.22,137.39,137.51
2025-03-02 15:29:47,99.37,54.08,40.77
2025-03-02 15:29:49,101.81,-11.11,2.32
2025-03-02 15:29:50,74.34,13.98,-21.97
2025-03-02 15:29:51,56.7,-41.14,21.24
2025-03-02 15:29:53,107.79,11.84,80.99
2025-03-02 15:29:55,104.8,-24.05,-2.5
2025-03-02 15:29:56,61.89,57.62,-155.15
2025-03-02 15:29:58,58.04,47.97,-102.97
2025-03-02 15:29:59,87.22,62.93,-25.51
2025-03-02 15:30:00,54.38,-69.76,-29.85
2025-03-02 15:30:02,-24.6,-84.23,-83.37
2025-03-02 15:30:03,-88.07,62.07,-15.38
2025-03-02 15:30:04,-20.02,128.85,197.88
2025-03-02 15:30:06,-73.24,-122.92,68.79
2025-03-02 15:30:07,-10.19,-91.98,-15.99
2025-03-02 15:30:08,22.22,156.25,-53.41
2025-03-02 15:30:10,33.51,68.97,-32.04
2025-03-02 15:30:11,6.53,-143.19,11.78
2025-03-02 15:30:13,-15.63,-28.02,3.17
2025-03-02 15:30:14,20.32,185.36,8.97
2025-03-02 15:30:15,13.24,-85.02,17.33
2025-03-02 15:30:17,-3.3,-134.09,-5.07
2025-03-02 15:30:18,8.54,128.97,-27.59
2025-03-02 15:30:20,18.8,46.69,12.82
2025-03-02 15:30:22,-8.18,-141.24,13.18
2025-03-02 15:30:23,-20.32,39.98,-28.02
2025-03-02 15:30:24,3.05,114.81,2.69
2025-03-02 15:30:26,-15.81,-90.82,16.36
2025-03-02 15:30:27,-58.78,-45.59,-46.39
2025-03-02 15:30:28,-16.3,125.85,46.81
2025-03-02 15:30:30,-23.13,-48.16,63.66
2025-03-02 15:30:31,-15.56,-116.39,18.37
2025-03-02 15:30:33,15.56,72.08,-40.95
2025-03-02 15:30:34,50.17,89.66,-56.03
2025-03-02 15:30:35,37.78,-160.95,-9.03
2025-03-02 15:30:37,-14.34,-75.07,-20.2
2025-03-02 15:30:38,-13.24,161.01,10.44
2025-03-02 15:30:39,0.06,34.55,71.41
2025-03-02 15:30:41,-10.93,-186.71,8.73
2025-03-02 15:30:42,-0.61,36.56,-38.09
2025-03-02 15:30:43,34.61,171.63,-23.68
2025-03-02 15:30:45,25.94,-153.5,12.08
2025-03-02 15:30:46,14.4,-83.74,1.53
2025-03-02 15:30:48,22.46,164.55,-38.39
2025-03-02 15:30:49,39.12,-12.15,-16.91
2025-03-02 15:30:51,13.24,-158.69,-14.4
2025-03-02 15:30:52,-8.54,38.27,-63.42
2025-03-02 15:30:53,46.51,130.98,-12.02
2025-03-02 15:30:55,12.15,-148.07,5.92
2025-03-02 15:30:56,4.52,-52.86,-32.04
2025-03-02 15:30:58,-51.51,181.03,-46.75
2025-03-02 15:30:59,-54.99,21.3,105.29
2025-03-02 15:31:00,-46.94,-142.58,107.67
2025-03-02 15:31:02,-20.39,72.75,8.3
2025-03-02 15:31:03,11.35,97.17,-29.79
2025-03-02 15:31:04,1.71,-99.43,-12.45
2025-03-02 15:31:06,13.37,25.45,21.48
2025-03-02 15:31:07,14.28,77.21,10.56
2025-03-02 15:31:09,-0.73,-80.57,-11.72
2025-03-02 15:31:10,-4.94,15.69,-20.69
2025-03-02 15:31:11,14.22,53.65,10.07
2025-03-02 15:31:13,6.1,-78.25,12.76
2025-03-02 15:31:14,-8.48,17.76,-23.44
2025-03-02 15:31:15,8.36,84.35,-7.39
2025-03-02 15:31:17,5.0,-74.52,13.61
2025-03-02 15:31:18,-12.02,-27.83,-17.33
2025-03-02 15:31:20,-9.52,110.41,-18.49
2025-03-02 15:31:21,-8.85,-56.58,29.17
2025-03-02 15:31:22,-7.69,-41.08,16.78
2025-03-02 15:31:24,16.05,108.28,-15.26
2025-03-02 15:31:25,16.72,-67.93,3.36
2025-03-02 15:31:26,-1.65,-50.66,3.66
2025-03-02 15:31:28,1.65,112.24,-29.24
2025-03-02 15:31:29,-2.62,-60.3,11.84
2025-03-02 15:31:31,-23.8,-67.81,40.95
2025-03-02 15:31:32,2.5,160.89,-15.93
2025-03-02 15:31:33,17.82,-32.1,-10.86
2025-03-02 15:31:35,1.46,-146.3,17.27
2025-03-02 15:31:36,-13.43,104.61,-25.88
2025-03-02 15:31:37,3.97,94.24,5.74
2025-03-02 15:31:39,-15.63,-128.6,38.7
2025-03-02 15:31:40,1.16,1.65,16.54
2025-03-02 15:31:41,16.85,111.88,-51.15
2025-03-02 15:31:43,11.54,-67.93,-12.63
2025-03-02 15:31:45,-13.55,-51.03,25.82
2025-03-02 15:31:47,-7.93,111.08,-1.65
2025-03-02 15:31:48,0.37,-20.69,2.14
2025-03-02 15:31:49,-3.48,-86.85,16.85
2025-03-02 15:31:51,17.46,89.48,-4.15
2025-03-02 15:31:52,19.23,2.14,-21.61
2025-03-02 15:31:54,-2.01,-100.77,0.06
2025-03-02 15:31:55,-9.58,60.18,7.63
2025-03-02 15:31:56,7.93,75.81,15.44
2025-03-02 15:31:58,-4.52,-131.16,10.68
2025-03-02 15:31:59,-7.14,0.55,-15.2
2025-03-02 15:32:00,5.8,145.32,-24.29
2025-03-02 15:32:02,-1.89,-71.59,12.51
2025-03-02 15:32:03,-8.06,-74.52,24.72
2025-03-02 15:32:05,11.6,121.34,-14.53
2025-03-02 15:32:06,14.28,-28.26,-16.36
2025-03-02 15:32:07,-2.75,-107.24,14.4
2025-03-02 15:32:09,-3.72,88.56,3.72
2025-03-02 15:32:10,12.33,63.84,-4.39
2025-03-02 15:32:12,-0.98,-144.29,13.31
2025-03-02 15:32:13,-14.28,13.79,-10.68
2025-03-02 15:32:15,-0.43,140.69,-17.27
2025-03-02 15:32:16,-12.21,-89.48,14.1
2025-03-02 15:32:17,-22.52,-56.64,-0.67
2025-03-02 15:32:19,7.08,126.59,5.49
2025-03-02 15:32:20,11.84,-43.03,13.55
2025-03-02 15:32:21,8.48,-97.17,3.97
2025-03-02 15:32:23,18.25,89.17,-32.59
2025-03-02 15:32:24,18.55,0.85,-7.51
2025-03-02 15:32:26,-7.14,-84.84,15.87
2025-03-02 15:32:27,-5.07,71.23,-6.1
2025-03-02 15:32:28,9.03,12.39,9.46
2025-03-02 15:32:30,-3.05,-94.18,7.81
2025-03-02 15:32:31,-16.24,61.4,-28.02
2025-03-02 15:32:32,0.0,65.31,7.32
2025-03-02 15:32:34,-12.39,-102.6,36.01
2025-03-02 15:32:35,-7.08,15.69,-3.6
2025-03-02 15:32:37,0.92,86.0,-45.17
2025-03-02 15:32:38,-25.82,-79.96,3.17
2025-03-02 15:32:39,-11.84,-7.32,56.21
2025-03-02 15:32:41,5.07,81.91,-3.78
2025-03-02 15:32:43,8.48,-72.81,-20.57
2025-03-02 15:32:44,5.74,-20.32,-10.62
2025-03-02 15:32:46,26.18,79.65,-1.16
2025-03-02 15:32:47,17.03,-87.04,21.79
2025-03-02 15:32:48,-3.91,-45.84,0.24
2025-03-02 15:32:50,1.4,140.62,-43.58
2025-03-02 15:32:51,18.13,-6.84,15.56
2025-03-02 15:32:52,2.56,-120.91,23.99
2025-03-02 15:32:54,8.67,73.3,-21.61
2025-03-02 15:32:55,27.53,61.71,-6.84
2025-03-02 15:32:57,11.41,-116.52,12.94
2025-03-02 15:32:58,-8.48,14.71,-14.22
2025-03-02 15:32:59,7.39,97.53,6.9
2025-03-02 15:33:01,-7.39,-91.25,10.8
2025-03-02 15:33:02,-16.11,-13.49,-24.84
2025-03-02 15:33:03,-2.14,97.6,-1.28
2025-03-02 15:33:05,-17.88,-64.7,18.8
2025-03-02 15:33:06,-16.66,-24.84,8.18
2025-03-02 15:33:07,-3.48,76.17,-4.82
2025-03-02 15:33:09,-12.39,-54.08,3.11
2025-03-02 15:33:10,-20.32,-19.84,3.72
2025-03-02 15:33:12,-7.81,88.87,-7.45
2025-03-02 15:33:13,-13.61,-55.42,0.0
2025-03-02 15:33:14,-10.07,-33.14,17.52
2025-03-02 15:33:16,2.99,72.88,-5.31
2025-03-02 15:33:17,1.77,-60.73,1.34
2025-03-02 15:33:19,-4.03,-25.51,8.48
2025-03-02 15:33:20,11.23,97.84,-12.94
2025-03-02 15:33:21,24.84,-55.18,22.34
2025-03-02 15:33:23,13.12,-62.62,10.68
2025-03-02 15:33:24,11.05,88.87,-49.68
2025-03-02 15:33:25,23.56,-2.75,1.04
2025-03-02 15:33:27,0.85,-82.95,24.6
2025-03-02 15:33:28,-0.55,67.69,-15.69
2025-03-02 15:33:29,16.78,7.14,8.91
2025-03-02 15:33:31,4.46,-92.59,9.28
2025-03-02 15:33:32,-3.36,54.69,-26.79
2025-03-02 15:33:34,19.96,54.81,4.94
2025-03-02 15:33:36,10.38,-110.66,11.6
2025-03-02 15:33:37,-7.63,1.28,-21.91
2025-03-02 15:33:39,3.48,114.69,2.62
2025-03-02 15:33:40,5.25,-47.91,17.15
2025-03-02 15:33:41,-13.06,-90.76,-15.56
2025-03-02 15:33:43,-8.85,51.33,3.97
2025-03-02 15:33:44,-25.7,37.9,28.14
2025-03-02 15:33:45,-25.27,-82.58,48.46
2025-03-02 15:33:47,-37.96,-68.85,22.4
2025-03-02 15:33:48,-30.03,54.75,0.85
2025-03-02 15:33:49,-38.82,-68.05,51.88
2025-03-02 15:33:51,23.44,86.24,86.61
2025-03-02 15:33:52,-12.82,-24.6,-57.98
2025-03-02 15:33:53,-5.74,-81.3,-47.67
2025-03-02 15:33:55,25.39,91.19,28.44
2025-03-02 15:33:56,21.42,-46.45,22.22
2025-03-02 15:33:57,13.18,-95.58,-6.53
2025-03-02 15:33:59,8.3,94.06,-32.23
2025-03-02 15:34:00,13.73,0.37,-1.46
2025-03-02 15:34:02,9.34,-108.46,26.31
2025-03-02 15:34:03,4.58,55.3,-13.31
2025-03-02 15:34:05,8.06,43.95,-34.91
2025-03-02 15:34:06,10.38,-79.9,12.76
2025-03-02 15:34:08,17.09,33.63,12.57
2025-03-02 15:34:09,11.54,30.64,-30.21
2025-03-02 15:34:10,8.79,-61.46,-3.05
2025-03-02 15:34:12,8.18,46.81,3.54
2025-03-02 15:34:13,3.17,1.46,-2.93
2025-03-02 15:34:15,5.07,-27.59,11.05
2025-03-02 15:34:16,2.26,37.84,-13.43
2025-03-02 15:34:17,2.08,-22.28,-8.48
2025-03-02 15:34:19,6.23,-46.94,23.25
2025-03-02 15:34:20,9.28,57.8,-5.74
2025-03-02 15:34:21,7.63,7.26,-26.43
2025-03-02 15:34:23,12.7,-57.86,18.68
2025-03-02 15:34:24,-0.92,36.93,-5.55
2025-03-02 15:34:25,5.8,12.94,-10.99
2025-03-02 15:34:27,11.47,-82.09,22.89
2025-03-02 15:34:28,-1.95,25.88,-13.37
2025-03-02 15:34:30,3.42,59.57,-17.88
2025-03-02 15:34:31,1.04,-67.44,11.47
2025-03-02 15:34:33,-4.52,-5.13,5.8
2025-03-02 15:34:34,0.12,75.44,-3.91
2025-03-02 15:34:35,1.1,-0.79,-21.0
2025-03-02 15:34:37,10.07,-73.73,28.81
2025-03-02 15:34:38,2.01,52.19,-8.42
2025-03-02 15:34:40,5.68,24.9,-19.1
2025-03-02 15:34:41,5.92,-66.35,17.52
2025-03-02 15:34:42,-2.38,44.8,-8.61
2025-03-02 15:34:44,7.26,8.24,2.93
2025-03-02 15:34:45,1.95,-53.41,0.43
2025-03-02 15:34:47,-2.62,53.04,-19.71
2025-03-02 15:34:48,5.74,-19.29,12.15
2025-03-02 15:34:49,-3.6,-30.64,-1.46
2025-03-02 15:34:51,4.15,56.4,-6.1
2025-03-02 15:34:52,0.67,-51.15,11.29
2025-03-02 15:34:53,-4.39,8.06,-12.33
2025-03-02 15:34:55,-1.83,41.38,-10.5
2025-03-02 15:34:56,-6.47,-48.16,11.41
2025-03-02 15:34:57,-1.95,31.56,2.99
2025-03-02 15:34:59,-0.31,15.08,-4.76
2025-03-02 15:35:00,-9.03,-38.39,5.55
2025-03-02 15:35:01,-8.48,52.98,7.51
2025-03-02 15:35:03,-12.57,14.1,2.87
2025-03-02 15:35:04,-8.85,-38.88,20.08
2025-03-02 15:35:05,0.24,36.38,3.78
2025-03-02 15:35:07,-9.4,5.37,-14.59
2025-03-02 15:35:08,-6.41,-34.18,31.62
2025-03-02 15:35:09,-1.59,31.74,20.51
2025-03-02 15:35:11,8.0,44.01,-10.38
2025-03-02 15:35:12,0.0,-23.25,10.99
2025-03-02 15:35:14,23.32,25.45,7.39
2025-03-02 15:35:15,19.59,18.13,-54.44
2025-03-02 15:35:16,6.96,-34.91,-49.19
2025-03-02 15:35:18,5.8,31.25,1.83
2025-03-02 15:35:19,4.64,9.09,19.53
2025-03-02 15:35:20,-5.07,-55.11,14.04
2025-03-02 15:35:22,-2.14,45.29,-7.75
2025-03-02 15:35:23,12.21,35.4,-12.39
2025-03-02 15:35:24,-6.53,-62.81,4.76
2025-03-02 15:35:26,-6.65,35.58,4.09
2025-03-02 15:35:28,3.78,36.8,-2.44
2025-03-02 15:35:30,-11.05,-68.85,-1.16
2025-03-02 15:35:31,-7.2,13.73,5.31
2025-03-02 15:35:32,-3.48,64.15,-4.58
2025-03-02 15:35:34,-6.77,-64.21,-2.62
2025-03-02 15:35:35,-9.58,-15.5,3.3
2025-03-02 15:35:36,-3.11,75.5,3.36
2025-03-02 15:35:38,5.19,-17.33,6.29
2025-03-02 15:35:39,-4.7,-70.56,8.36
2025-03-02 15:35:41,4.94,60.24,-0.31
2025-03-02 15:35:42,8.97,40.28,-10.38
2025-03-02 15:35:43,-11.17,-74.95,2.38
2025-03-02 15:35:45,-0.61,30.27,11.66
2025-03-02 15:35:46,8.18,60.91,-13.85
2025-03-02 15:35:47,0.61,-76.54,-17.64
2025-03-02 15:35:49,5.43,1.89,8.36
2025-03-02 15:35:50,15.99,62.87,-1.95
2025-03-02 15:35:52,6.16,-61.34,-24.72
2025-03-02 15:35:53,4.76,-5.55,-4.88
2025-03-02 15:35:54,7.39,51.88,5.74
2025-03-02 15:35:57,-5.25,-42.3,-2.01
2025-03-02 15:35:58,-0.43,8.12,7.14
2025-03-02 15:36:00,14.83,21.06,2.14
2025-03-02 15:36:01,26.73,-58.17,-4.39
2025-03-02 15:36:02,0.55,10.38,-29.11
2025-03-02 15:36:04,10.74,36.87,0.61
2025-03-02 15:36:05,6.53,-47.79,12.82
2025-03-02 15:36:06,-12.63,2.14,-9.16
2025-03-02 15:36:08,-23.32,44.56,-16.42
2025-03-02 15:36:09,-15.63,-14.04,14.47
2025-03-02 15:36:10,-24.9,-28.02,39.12
2025-03-02 15:36:12,-5.0,51.7,20.32
2025-03-02 15:36:13,14.95,2.26,-31.19
2025-03-02 15:36:15,-1.65,-69.27,-27.77
2025-03-02 15:36:16,1.83,55.91,18.74
2025-03-02 15:36:17,7.45,20.08,11.66
2025-03-02 15:36:19,-3.78,-84.41,0.06
2025-03-02 15:36:21,-9.77,21.73,-22.28
2025-03-02 15:36:22,-11.17,79.28,-11.66
2025-03-02 15:37:26,0.61,33.51,3.36
2025-03-02 15:37:28,-22.83,-64.51,37.17
2025-03-02 15:37:30,-10.07,29.6,16.36
2025-03-02 15:37:31,13.43,25.15,-16.6
2025-03-02 15:37:32,6.04,-56.4,-19.53
2025-03-02 15:37:34,16.78,45.72,-0.49
2025-03-02 15:37:35,13.12,-14.1,-4.39
2025-03-02 15:37:36,8.36,-38.21,3.11
2025-03-02 15:37:38,7.63,49.68,-11.17
2025-03-02 15:37:39,9.77,-5.37,8.48
2025-03-02 15:37:40,-9.52,-72.2,7.02
2025-03-02 15:37:42,-13.61,47.3,1.04
2025-03-02 15:37:43,-3.72,12.27,3.05
2025-03-02 15:37:45,-18.01,-60.73,3.42
2025-03-02 15:37:46,-3.78,15.38,43.09
2025-03-02 15:37:48,-0.18,70.25,-0.92
2025-03-02 15:37:49,-5.68,0.0,-60.49
2025-03-02 15:37:50,-60.73,-158.51,55.54
2025-03-02 15:37:52,-93.38,-54.69,109.19
2025-03-02 15:37:53,55.97,105.65,114.26
2025-03-02 15:37:55,-31.49,-97.6,-18.37
2025-03-02 15:37:56,-29.42,-17.76,-14.53
2025-03-02 15:37:57,-20.87,-117.8,10.62
2025-03-02 15:37:59,28.44,-40.59,66.53
2025-03-02 15:38:01,10.68,-66.16,-14.95
2025-03-02 15:38:02,4.21,-27.77,-60.3
2025-03-02 15:38:03,-40.28,-89.78,-124.02
2025-03-02 15:38:05,26.49,-77.39,12.51
2025-03-02 15:38:06,57.07,-86.36,124.02
2025-03-02 15:38:07,47.06,-67.57,96.01
2025-03-02 15:38:10,81.48,-122.8,147.4
2025-03-02 15:38:11,36.25,-34.67,36.32
2025-03-02 15:38:12,-80.81,-99.37,-152.77
2025-03-02 15:38:14,-28.99,-104.68,-111.08
2025-03-02 15:38:15,44.25,-47.36,14.83
2025-03-02 15:38:16,67.87,-38.7,3.17
2025-03-02 15:38:18,44.62,-68.3,-10.19
2025-03-02 15:38:19,18.19,-24.48,-17.76
2025-03-02 15:38:21,28.87,-39.0,-11.35
2025-03-02 15:38:22,88.01,-61.52,57.01
2025-03-02 15:38:23,89.78,-74.34,48.1
2025-03-02 15:38:25,-0.92,-0.98,-18.01
2025-03-02 15:38:26,21.24,-18.86,5.19
2025-03-02 15:38:27,23.68,-7.63,0.18
2025-03-02 15:38:29,-3.66,-50.17,-13.31
2025-03-02 15:38:30,12.88,-27.83,2.44
2025-03-02 15:38:31,-6.59,174.56,51.82
2025-03-02 15:38:33,14.65,-75.99,-8.18
2025-03-02 15:38:34,4.09,-79.28,-11.35
2025-03-02 15:38:36,-5.49,37.23,4.88
2025-03-02 15:38:37,6.23,-5.68,-1.4
2025-03-02 15:38:38,4.7,-34.12,-9.4
2025-03-02 15:38:40,-2.44,38.09,4.58
2025-03-02 15:38:41,2.81,-21.48,-0.43
2025-03-02 15:38:42,8.67,-31.43,-6.65
2025-03-02 15:38:44,-2.56,30.03,2.93
2025-03-02 15:38:45,13.0,-41.32,-2.2
2025-03-02 15:38:46,5.25,-48.28,-5.8
2025-03-02 15:38:48,-0.55,45.9,5.55
2025-03-02 15:38:49,5.0,-36.87,-2.5
2025-03-02 15:38:51,6.41,-9.52,-3.6
2025-03-02 15:38:52,7.75,20.75,1.34
2025-03-02 15:38:53,7.93,-61.22,-8.61
2025-03-02 15:38:55,-7.87,49.99,9.58
2025-03-02 15:38:56,11.6,-29.6,-8.97
2025-03-02 15:38:57,-1.28,-31.86,4.76
2025-03-02 15:38:59,3.78,47.12,-1.16
2025-03-02 15:39:00,3.05,-35.58,-1.1
2025-03-02 15:39:01,-11.78,43.58,4.46
2025-03-02 15:39:03,1.95,7.2,2.69
2025-03-02 15:39:04,5.86,-48.4,-4.7
2025-03-02 15:39:06,-6.53,23.01,2.44
2025-03-02 15:39:07,-1.59,40.28,1.59
2025-03-02 15:39:08,5.74,-21.18,-2.38
2025-03-02 15:39:10,8.0,-60.91,-7.69
2025-03-02 15:39:11,11.29,82.64,-2.2
2025-03-02 15:39:13,7.02,75.32,9.22
2025-03-02 15:39:14,21.0,-80.32,3.54
2025-03-02 15:39:16,11.47,-64.39,-9.34
2025-03-02 15:39:17,-5.62,117.25,13.67
2025-03-02 15:39:18,4.09,4.39,11.72
2025-03-02 15:39:20,16.91,-117.0,-6.71
2025-03-02 15:39:21,-3.91,60.97,2.44
2025-03-02 15:39:22,2.5,34.12,5.07
2025-03-02 15:39:24,17.15,-92.35,0.37
2025-03-02 15:39:25,-13.0,74.83,1.16
2025-03-02 15:39:27,-7.63,39.61,7.32
2025-03-02 15:39:28,13.67,-124.51,0.24
2025-03-02 15:39:29,-1.16,12.7,-0.43
2025-03-02 15:39:31,-5.31,106.45,5.98
2025-03-02 15:39:32,9.89,-59.57,7.14
2025-03-02 15:39:34,11.54,-85.08,2.75
2025-03-02 15:39:35,-11.54,100.89,4.64
2025-03-02 15:39:36,4.46,-19.1,7.02
2025-03-02 15:39:38,12.02,-74.83,-2.56
2025-03-02 15:39:39,-12.57,72.94,3.66
2025-03-02 15:39:41,10.62,-22.09,3.97
2025-03-02 15:39:42,2.81,-26.06,-5.0
2025-03-02 15:39:43,-3.85,61.95,6.29
2025-03-02 15:39:45,9.16,-22.83,2.44
2025-03-02 15:39:46,33.26,-51.15,3.48
2025-03-02 15:39:47,8.18,76.66,0.18
2025-03-02 15:39:49,-1.65,76.97,23.56
2025-03-02 15:39:50,41.87,-45.47,20.26
2025-03-02 15:39:51,5.68,15.2,-5.25
2025-03-02 15:39:53,-5.74,20.02,20.14
2025-03-02 15:39:54,49.19,-80.08,0.43
2025-03-02 15:39:56,-14.71,12.7,7.08
2025-03-02 15:39:57,-22.95,61.52,11.47
2025-03-02 15:39:58,27.77,-70.43,-4.15
2025-03-02 15:40:00,11.17,-79.96,8.85
2025-03-02 15:40:01,-31.37,69.46,2.26
2025-03-02 15:40:03,-13.92,28.99,4.39
2025-03-02 15:40:04,38.02,-92.71,-5.0
2025-03-02 15:40:05,-20.57,43.09,3.48
2025-03-02 15:40:07,-10.38,44.8,8.36
2025-03-02 15:40:08,39.55,-67.44,-9.03
2025-03-02 15:40:09,-12.08,27.89,-0.49
2025-03-02 15:40:11,-18.31,46.88,9.03
2025-03-02 15:40:12,35.03,-81.3,-5.62
2025-03-02 15:40:13,6.16,-12.27,5.13
2025-03-02 15:40:15,-31.49,90.09,5.13
2025-03-02 15:40:16,30.58,-58.72,-1.1
2025-03-02 15:40:17,18.37,-39.06,-3.3
2025-03-02 15:40:19,-34.36,85.82,7.81
2025-03-02 15:40:20,21.79,-28.2,-0.12
2025-03-02 15:40:22,31.49,-68.97,0.92
2025-03-02 15:40:23,-33.81,82.15,-0.61
2025-03-02 15:40:24,-19.29,28.93,9.46
2025-03-02 15:40:26,47.73,-111.08,-2.87
2025-03-02 15:40:27,-10.62,25.39,-2.62
2025-03-02 15:40:28,-37.84,106.02,6.04
2025-03-02 15:40:30,48.28,-69.34,-1.95
2025-03-02 15:40:31,24.6,-64.64,0.31
2025-03-02 15:40:33,-48.03,95.89,2.38
2025-03-02 15:40:34,-38.21,17.58,-13.43
2025-03-02 15:40:36,21.36,-76.42,-45.59
2025-03-02 15:40:37,-18.25,33.08,2.93
2025-03-02 15:40:38,-47.06,101.87,-2.14
2025-03-02 15:40:40,27.47,-57.98,-25.94
2025-03-02 15:40:41,8.85,-73.12,-0.43
2025-03-02 15:40:43,-50.35,95.34,-9.83
2025-03-02 15:40:44,-16.36,18.07,-16.05
2025-03-02 15:40:45,26.43,-77.21,-13.67
2025-03-02 15:40:47,0.24,23.62,-8.48
2025-03-02 15:40:48,-50.29,100.59,-1.89
2025-03-02 15:40:49,30.94,-15.14,-39.0
2025-03-02 15:40:51,29.17,-84.35,-16.72
2025-03-02 15:40:52,-26.55,58.41,10.31
2025-03-02 15:40:53,-9.89,73.55,9.64
2025-03-02 15:40:55,37.84,-57.19,-13.67
2025-03-02 15:40:56,5.19,-41.32,0.55
2025-03-02 15:40:57,-31.74,79.71,3.11
2025-03-02 15:44:39,18.07,-73.43,-6.53
2025-03-02 15:44:41,-29.11,57.43,4.39
2025-03-02 15:44:43,-17.33,80.87,6.47
2025-03-02 15:44:44,39.06,-78.67,-12.7
2025-03-02 15:44:45,6.96,-63.9,0.79
2025-03-02 15:44:47,-23.38,99.18,9.09
2025-03-02 15:44:48,1.22,34.97,-5.55
2025-03-02 15:44:50,14.59,-100.83,-9.34
2025-03-02 15:44:51,-10.25,19.96,4.03
2025-03-02 15:44:52,-19.96,92.1,8.12
2025-03-02 15:44:54,16.05,-31.49,-17.03
2025-03-02 15:44:55,3.42,-97.53,-8.73
2025-03-02 15:44:56,-25.15,62.32,10.19
2025-03-02 15:44:58,-21.48,75.07,5.68
2025-03-02 15:44:59,33.33,-103.27,-13.31
2025-03-02 15:45:01,-6.16,-34.12,1.34
2025-03-02 15:45:02,-24.11,95.28,2.75
2025-03-02 15:45:03,-153.81,45.35,-40.47
2025-03-02 15:45:05,13.92,-109.07,-126.59
2025-03-02 15:45:06,-25.7,-13.43,-31.43
2025-03-02 15:45:08,-36.32,58.11,43.27
2025-03-02 15:45:09,9.77,-70.13,-47.06
2025-03-02 15:45:10,-43.15,-22.89,-45.84
2025-03-02 15:45:12,-44.62,61.77,4.39
2025-03-02 15:45:13,9.89,-91.74,-49.68
2025-03-02 15:45:14,-8.18,-22.58,-25.33
2025-03-02 15:45:16,-26.79,95.64,35.83
2025-03-02 15:45:17,-10.13,-57.98,-48.28
2025-03-02 15:45:19,-18.07,-7.26,-4.33
2025-03-02 15:45:21,-14.22,63.6,19.59
2025-03-02 15:45:22,-18.01,-52.55,-31.31
2025-03-02 15:45:24,-12.27,-12.21,-5.0
2025-03-02 15:45:25,-15.26,6.16,0.92
2025-03-02 15:45:26,-3.36,-29.11,-29.24
2025-03-02 15:45:28,-3.91,36.01,17.88
2025-03-02 15:45:29,-8.42,-49.26,-18.8
2025-03-02 15:45:30,-11.78,5.25,14.65
2025-03-02 15:45:32,5.55,45.96,-8.79
2025-03-02 15:45:33,-35.16,0.12,1.95
2025-03-02 15:45:35,-15.44,-14.47,-4.7
2025-03-02 15:45:36,5.68,39.06,6.41
2025-03-02 15:45:37,-6.71,-30.46,-35.58
2025-03-02 15:45:39,-46.14,-55.6,-43.95
2025-03-02 15:45:40,6.35,50.84,8.42
2025-03-02 15:45:41,-12.45,-20.57,1.4
2025-03-02 15:45:43,-29.79,-18.37,10.25
2025-03-02 15:45:44,-17.21,35.58,-42.91
2025-03-02 15:45:46,-3.66,40.22,-68.48
2025-03-02 15:45:47,-22.58,-35.16,52.55
2025-03-02 15:45:49,-38.27,-23.38,0.73
2025-03-02 15:45:51,-17.09,72.14,-73.36
2025-03-02 15:45:52,-6.77,54.69,-34.3
2025-03-02 15:45:53,-42.91,-53.65,40.34
2025-03-02 15:45:55,-12.08,8.91,-47.12
2025-03-02 15:45:56,2.32,42.42,-36.07
2025-03-02 15:45:58,-28.38,-39.67,36.38
2025-03-02 15:45:59,-15.99,9.4,-28.26
2025-03-02 15:46:00,2.44,51.27,-44.25
2025-03-02 15:46:02,-18.8,-35.46,62.26
2025-03-02 15:46:03,-9.46,-2.01,-2.38
2025-03-02 15:46:04,-4.88,34.79,-93.51
2025-03-02 15:46:06,-26.18,-46.69,25.15
2025-03-02 15:46:07,-2.87,13.12,26.79
2025-03-02 15:46:08,-2.62,43.64,-57.8
2025-03-02 15:46:10,-23.93,-47.55,26.18
2025-03-02 15:46:11,1.89,17.15,4.94
2025-03-02 15:46:12,-1.95,24.11,-45.1
2025-03-02 15:46:14,-21.06,-47.91,29.72
2025-03-02 15:46:15,3.36,26.06,16.54
2025-03-02 15:46:16,3.23,41.02,-61.16
2025-03-02 15:46:18,-15.69,-55.42,-5.86
2025-03-02 15:46:19,-6.41,-20.94,44.56
2025-03-02 15:46:21,9.52,72.51,-33.51
2025-03-02 15:46:22,-10.38,-24.23,-22.4
2025-03-02 15:46:23,-12.33,-42.3,37.9
2025-03-02 15:46:25,12.63,62.26,-24.66
2025-03-02 15:46:26,-2.75,6.84,-36.99
2025-03-02 15:46:28,-15.2,-68.85,47.79
2025-03-02 15:46:29,1.28,45.53,-16.36
2025-03-02 15:46:30,-38.94,47.97,-46.81
2025-03-02 15:46:32,-5.37,14.95,103.15
2025-03-02 15:46:33,26.79,1.77,15.08
2025-03-02 15:46:35,-25.88,-76.05,-111.63
2025-03-02 15:46:36,-27.22,-5.07,-15.32
2025-03-02 15:46:37,15.81,93.99,64.64
2025-03-02 15:46:39,8.12,-17.64,22.95
2025-03-02 15:46:40,-25.09,-81.18,-66.71
2025-03-02 15:46:41,-12.45,17.52,-7.02
2025-03-02 15:46:43,15.44,74.89,81.36
2025-03-02 15:46:44,4.7,-2.81,3.85
2025-03-02 15:46:46,-16.78,-48.4,-121.09
2025-03-02 15:46:47,-15.01,-23.68,13.92
2025-03-02 15:46:48,5.98,57.43,106.99
2025-03-02 15:46:50,22.22,41.93,-2.38
2025-03-02 15:46:51,-11.05,-81.97,-114.44
2025-03-02 15:46:53,-15.69,-48.34,-19.9
2025-03-02 15:46:54,14.1,73.36,98.02
2025-03-02 15:46:55,18.8,61.52,16.48
2025-03-02 15:46:57,-14.1,-85.88,-100.22
2025-03-02 15:46:58,-15.75,-64.82,-6.23
2025-03-02 15:47:00,13.18,84.23,81.97
2025-03-02 15:47:01,9.28,66.1,-14.1
2025-03-02 15:47:02,-13.24,-103.27,-45.47
2025-03-02 15:47:04,-7.57,-25.63,1.83
2025-03-02 15:47:05,12.88,107.42,0.0
2025-03-02 15:47:06,-1.83,-41.63,23.93
2025-03-02 15:47:08,-10.56,-60.12,8.0
2025-03-02 15:47:09,-3.23,60.61,-30.64
2025-03-02 15:47:10,2.01,42.85,11.29
2025-03-02 15:47:12,-5.43,-68.85,39.86
2025-03-02 15:47:13,-10.8,15.69,-36.44
2025-03-02 15:47:15,7.87,40.04,-16.66
2025-03-02 15:47:16,-4.27,-61.71,64.21
2025-03-02 15:47:17,-12.02,27.53,-34.0
2025-03-02 15:47:19,7.45,45.9,-33.14
2025-03-02 15:47:20,-1.77,-70.25,57.74
2025-03-02 15:47:21,-0.18,35.83,-34.06
2025-03-02 15:47:23,10.01,27.89,-33.26
2025-03-02 15:47:24,-3.85,-70.01,55.36
2025-03-02 15:47:25,-10.38,44.86,-24.96
2025-03-02 15:47:27,11.23,58.53,-32.1
2025-03-02 15:47:28,3.85,-93.99,53.16
2025-03-02 15:47:30,-24.72,-8.48,-25.15
2025-03-02 15:47:31,1.04,102.29,-38.7
2025-03-02 15:47:32,-6.29,-60.61,58.23
2025-03-02 15:47:34,-15.26,-35.46,-9.7
2025-03-02 15:47:35,10.01,78.55,-55.36
2025-03-02 15:47:36,-4.58,-63.96,50.84
2025-03-02 15:47:38,-17.03,-14.59,15.01
2025-03-02 15:47:39,-0.06,95.09,-52.49
2025-03-02 15:47:40,25.7,-26.0,2.08
2025-03-02 15:47:42,4.33,-122.07,67.99
2025-03-02 15:47:43,-26.0,55.48,-24.35
2025-03-02 15:47:44,-0.73,148.13,-60.73
2025-03-02 15:47:46,6.41,-65.19,43.52
2025-03-02 15:47:47,-13.67,-106.81,14.77
2025-03-02 15:47:49,-15.5,86.36,-40.22
2025-03-02 15:47:50,-8.67,64.7,20.39
2025-03-02 15:47:51,-4.52,-63.35,67.75
2025-03-02 15:47:53,-18.07,-40.34,-54.38
2025-03-02 15:47:54,8.61,77.03,-60.97
2025-03-02 15:47:55,-7.51,-48.89,79.65
2025-03-02 15:47:57,-17.94,-21.91,4.76
2025-03-02 15:47:58,4.15,76.29,-71.23
2025-03-02 15:47:59,-6.53,-65.61,68.3
2025-03-02 15:48:01,-14.47,-31.25,68.05
2025-03-02 15:48:02,6.59,107.3,-46.45
2025-03-02 15:48:04,-2.87,-55.48,14.53
2025-03-02 15:48:05,-19.04,-46.39,13.49
2025-03-02 15:48:06,-10.13,95.58,-38.15
2025-03-02 15:48:08,8.42,-41.26,71.59
2025-03-02 15:48:09,-16.85,-49.38,-6.53
2025-03-02 15:48:10,-7.02,70.37,-53.77
2025-03-02 15:48:12,12.21,-30.27,65.31
2025-03-02 15:48:13,-25.27,-31.86,2.14
2025-03-02 15:48:15,-6.59,60.85,-33.2
2025-03-02 15:48:16,19.96,-32.59,61.04
2025-03-02 15:48:17,-20.63,-27.1,-1.71
2025-03-02 15:48:19,-12.57,62.07,-29.91
2025-03-02 15:48:20,-0.31,-32.9,44.86
2025-03-02 15:48:22,-20.26,-26.31,4.94
2025-03-02 15:48:23,-21.61,55.18,-37.17
2025-03-02 15:48:24,4.09,-22.77,44.92
2025-03-02 15:48:26,-7.32,-36.13,13.55
2025-03-02 15:48:27,-26.49,49.38,-66.77
2025-03-02 15:48:29,7.14,-0.85,42.91
2025-03-02 15:48:30,7.02,-51.64,41.81
2025-03-02 15:48:31,-25.63,50.29,-68.48
2025-03-02 15:48:33,4.94,23.62,22.77
2025-03-02 15:48:34,2.44,-57.13,41.99
2025-03-02 15:48:35,-21.48,34.73,-57.98
2025-03-02 15:48:37,3.48,40.16,3.48
2025-03-02 15:48:38,10.25,-75.44,60.42
2025-03-02 15:48:39,-25.45,17.21,-51.21
2025-03-02 15:48:41,-4.76,78.49,-17.21
2025-03-02 15:48:42,5.37,-71.66,55.18
2025-03-02 15:48:44,-26.18,-8.18,-50.23
2025-03-02 15:48:45,-11.47,89.23,2.62
2025-03-02 15:48:46,12.39,-51.82,85.27
2025-03-02 15:48:48,-31.49,-66.59,-55.66
2025-03-02 15:48:49,-16.42,108.46,-52.61
2025-03-02 15:48:50,15.99,-21.06,97.29
2025-03-02 15:48:52,-11.72,-84.53,-9.34
2025-03-02 15:48:53,-26.92,81.3,-68.97
2025-03-02 15:48:54,13.79,-1.77,92.29
2025-03-02 15:48:56,-7.69,-83.8,24.9
2025-03-02 15:48:57,-25.51,75.56,-82.7
2025-03-02 15:48:58,12.02,29.05,32.04
2025-03-02 15:49:00,4.7,-96.13,46.94
2025-03-02 15:49:01,-28.32,38.02,-64.45
2025-03-02 15:49:03,-49.74,47.67,-20.94
2025-03-02 15:49:04,-16.11,-67.5,213.26
2025-03-02 15:49:05,-43.76,114.44,138.24
2025-03-02 15:49:07,-4.52,208.92,54.87
2025-03-02 15:49:08,-8.18,-86.3,56.21
2025-03-02 15:49:10,-20.2,-50.11,-44.37
2025-03-02 15:49:11,27.95,122.56,-102.36
2025-03-02 15:49:12,37.35,-113.4,44.25
2025-03-02 15:49:14,-16.36,-64.7,34.0
2025-03-02 15:49:15,5.92,191.59,-74.04
2025-03-02 15:49:17,-2.32,-142.52,53.53
2025-03-02 15:49:18,-11.66,-84.17,61.58
2025-03-02 15:49:20,-0.61,196.17,-81.42
2025-03-02 15:49:21,26.18,-84.78,17.09
2025-03-02 15:49:23,-27.47,-127.08,32.53
2025-03-02 15:49:24,-2.08,256.16,-74.4
2025-03-02 15:49:26,-0.67,-156.74,34.85
2025-03-02 15:49:27,1.04,-103.58,38.33
2025-03-02 15:49:29,6.9,220.76,-63.05
2025-03-02 15:49:30,-8.36,-126.16,30.94
2025-03-02 15:49:32,-3.11,-38.7,22.46
2025-03-02 15:49:33,5.55,135.07,-48.4
2025-03-02 15:49:34,-1.65,-116.09,25.33
2025-03-02 15:49:36,0.12,-0.98,12.82
2025-03-02 15:49:37,6.04,104.74,-43.21
2025-03-02 15:49:38,-1.89,-104.49,19.35
2025-03-02 15:49:40,0.24,13.06,16.3
2025-03-02 15:49:41,7.63,113.34,-46.69
2025-03-02 15:49:43,11.35,-110.9,8.73
2025-03-02 15:49:44,-7.87,-54.57,8.36
2025-03-02 15:49:45,23.5,141.66,-52.37
2025-03-02 15:49:47,15.01,-122.25,20.75
2025-03-02 15:49:48,-19.1,-138.24,40.89
2025-03-02 15:49:50,17.58,209.96,-59.27
2025-03-02 15:49:51,17.7,-79.71,43.09
2025-03-02 15:49:52,-9.77,-189.76,53.83
2025-03-02 15:49:54,13.24,185.06,-68.36
2025-03-02 15:49:55,8.42,-5.98,5.13
2025-03-02 15:49:57,-7.81,-153.69,43.4
2025-03-02 15:49:58,16.05,100.71,-54.5
2025-03-02 15:49:59,18.13,-57.19,-5.68
2025-03-02 15:50:01,-6.41,-119.38,-22.03
2025-03-02 15:50:02,24.41,57.74,-40.47
2025-03-02 15:50:04,38.64,-69.89,59.88
2025-03-02 15:50:05,12.15,-26.49,7.93
2025-03-02 15:50:07,40.16,62.26,-30.88
2025-03-02 15:50:08,39.49,-75.07,39.12
2025-03-02 15:50:09,-8.3,76.29,-41.26
2025-03-02 15:50:11,9.46,-35.95,25.51
2025-03-02 15:50:12,-3.17,-94.54,0.37
2025-03-02 15:50:14,-12.57,119.51,-39.06
2025-03-02 15:50:15,-0.98,-55.91,13.79
2025-03-02 15:50:16,-18.8,-45.29,-6.71
2025-03-02 15:50:18,-15.99,85.63,-33.51
2025-03-02 15:50:19,7.63,-66.22,16.17
2025-03-02 15:50:21,-17.15,-14.34,-14.83
2025-03-02 15:50:22,1.28,104.06,2.93
2025-03-02 15:50:23,-1.46,-138.37,12.7
2025-03-02 15:50:25,-5.92,149.48,-24.6
2025-03-02 15:50:26,-0.67,-114.2,12.45
2025-03-02 15:50:27,-13.67,44.56,-21.61
2025-03-02 15:50:29,6.1,22.22,24.72
2025-03-02 15:50:30,-1.65,-91.49,-12.02
2025-03-02 15:50:32,-3.11,108.95,-14.95
2025-03-02 15:50:33,0.37,-117.25,8.36
2025-03-02 15:50:34,-14.04,65.06,-25.27
2025-03-02 15:50:36,14.28,26.18,28.5
2025-03-02 15:50:37,-17.64,-106.87,-22.52
2025-03-02 15:50:38,10.44,177.31,7.39
2025-03-02 15:50:40,-9.34,-177.06,0.49
2025-03-02 15:50:41,1.16,135.07,-10.13
2025-03-02 15:50:43,-9.09,-65.43,22.09
2025-03-02 15:50:44,7.32,-2.08,20.63
2025-03-02 15:50:46,26.55,78.49,69.52
2025-03-02 15:50:47,3.78,78.37,3.66
2025-03-02 15:50:48,-11.72,-93.87,2.14
2025-03-02 15:50:50,-2.01,102.78,-54.38
2025-03-02 15:50:51,20.2,51.88,-1.16
2025-03-02 15:50:52,-20.63,-172.79,40.71
2025-03-02 15:50:54,-1.89,122.25,-47.73
2025-03-02 15:50:55,23.19,58.78,19.96
2025-03-02 15:50:56,-9.7,-216.49,70.13
2025-03-02 15:50:58,-23.25,88.5,-71.66
2025-03-02 15:50:59,16.24,203.49,-36.68
2025-03-02 15:51:00,-17.03,-205.93,98.33
2025-03-02 15:51:02,-35.28,-46.2,-25.02
2025-03-02 15:51:03,11.72,238.4,-71.72
2025-03-02 15:51:04,-10.31,-156.68,89.72
2025-03-02 15:51:06,-23.74,-72.14,-13.37
2025-03-02 15:51:07,6.04,185.97,-73.12
2025-03-02 15:51:09,7.39,-103.15,70.56
2025-03-02 15:51:10,-5.98,-95.28,-10.5
2025-03-02 15:51:11,11.17,125.92,-91.92
2025-03-02 15:51:12,12.27,-52.0,33.45
2025-03-02 15:51:14,-10.31,-83.37,8.67
2025-03-02 15:51:15,-9.16,96.44,-58.59
2025-03-02 15:51:17,27.77,48.83,23.62
2025-03-02 15:51:18,0.73,-172.12,38.82
2025-03-02 15:51:19,-28.14,55.73,-85.27
2025-03-02 15:51:21,19.96,138.73,17.94
2025-03-02 15:51:22,-9.28,-152.28,50.11
2025-03-02 15:51:23,-38.15,3.54,-67.75
2025-03-02 15:51:25,6.41,152.53,-9.83
2025-03-02 15:51:26,-8.42,-111.76,63.54
2025-03-02 15:51:27,-40.28,-65.73,-38.45
2025-03-02 15:51:29,-6.65,221.13,-20.57
2025-03-02 15:51:30,-4.52,-58.29,67.38
2025-03-02 15:51:32,-34.48,-172.42,22.89
2025-03-02 15:51:33,-2.93,183.41,-49.56
2025-03-02 15:51:34,18.55,29.17,73.24
2025-03-02 15:51:36,-18.43,-179.32,52.61
2025-03-02 15:51:38,-15.44,81.97,-80.02
2025-03-02 15:51:39,-14.04,70.13,12.94
2025-03-02 15:51:40,-30.88,-162.96,129.7
2025-03-02 15:51:42,-11.84,64.15,2.5
2025-03-02 15:51:43,-8.67,101.93,-101.07
2025-03-02 15:51:45,-43.64,-232.6,16.85
2025-03-02 15:51:46,-52.73,-49.32,49.19
2025-03-02 15:51:47,9.58,110.29,59.02
2025-03-02 15:51:49,-15.5,-4.52,-65.73
