time,x,y,z
2025-04-22 04:34:57.567,0.041176714736837663,1.0665023007150785,9.855714950559602
2025-04-22 04:34:57.667,-0.19969188588169973,0.6705554766833067,9.873551628605291
2025-04-22 04:34:57.767,0.10551097624643527,1.1592084932450517,9.778256317381532
2025-04-22 04:34:57.867,0.2303046446668498,0.8220210442122878,9.812564200383296
2025-04-22 04:34:57.967,0.05855999506837303,0.9014285173243513,9.789850837293645
2025-04-22 04:34:58.067,0.2561659938771645,1.3106804871390647,9.790949413963402
2025-04-22 04:34:58.167,0.4853958001024042,0.8697640442103476,9.848355610008095
2025-04-22 04:34:58.267,0.12073390968916803,0.7971317672940162,9.756577191999156
2025-04-22 04:34:58.367,0.4458594391632288,0.6790361068553565,9.716899479161597
2025-04-22 04:34:58.467,0.5246062749561412,0.7625522385762866,9.883901488507153
2025-04-22 04:34:58.567,0.4010917056726805,1.1174967477633893,9.772292137671775
2025-04-22 04:34:58.667,0.5979507785200038,0.8791363971791839,9.911655850433517
2025-04-22 04:34:58.767,0.8560239952722297,0.8589593115580922,9.793710062254418
2025-04-22 04:34:58.867,0.4883200804348552,1.1793155241027253,9.89708218859992
2025-04-22 04:34:58.967,0.7520566130910995,1.0708448306811653,9.826685784198505
2025-04-22 04:34:59.067,0.7988948206567251,0.9587394370669531,9.87616627609477
2025-04-22 04:34:59.167,0.7926132354621214,0.907486468894677,9.89771905744038
2025-04-22 04:34:59.267,0.898480337082006,0.6976844751304724,9.857767000091478
2025-04-22 04:34:59.367,0.7530272443509962,0.5015152375065126,9.880144755896
2025-04-22 04:34:59.467,0.7959395310570647,1.0876464701199187,9.76689150513548
2025-04-22 04:34:59.567,1.03624621852975,1.0843123515331778,10.006017291968275
2025-04-22 04:34:59.667,1.0510619331189899,0.651248916015228,9.879535185674976
2025-04-22 04:34:59.767,0.9651114431855526,0.3472791723768825,9.867088835888454
2025-04-22 04:34:59.867,0.7431253393836423,0.7705333082111036,9.870196776872755
2025-04-22 04:34:59.967,0.9187248286807765,1.0185430320153406,9.904965127712718
2025-04-22 04:35:00.067,0.9622798657953834,0.2803187486461697,9.847261385390008
2025-04-22 04:35:00.167,0.8783306333095511,0.4931577968553402,9.844991541169923
2025-04-22 04:35:00.267,1.0762785250254248,0.6772459142860149,9.90237227884679
2025-04-22 04:35:00.367,0.8174800256266211,0.47874667734972354,9.930551502071054
2025-04-22 04:35:00.467,0.5841371174741966,0.5261349683330454,9.787659853851796
2025-04-22 04:35:00.567,1.1369597449975286,0.7100880246679449,9.893856565611559
2025-04-22 04:35:00.667,0.8099575169527748,0.6170524256207819,9.797809049444304
2025-04-22 04:35:00.767,1.1428505515387894,0.8316046371412615,9.898646642002142
2025-04-22 04:35:00.867,0.8749227075374939,0.570391260526823,9.853739195314098
2025-04-22 04:35:00.967,1.0589137101925579,0.7358622371526418,9.871852129195501
2025-04-22 04:35:01.067,0.684387982822023,0.22154296122601486,9.928777804295057
2025-04-22 04:35:01.167,0.4593513290164629,0.37726551274086084,9.861770383324558
2025-04-22 04:35:01.267,0.903202702435664,0.39187002815928457,9.906241554557775
2025-04-22 04:35:01.367,0.7744250587685423,0.3305448054041812,9.878686330643973
2025-04-22 04:35:01.467,0.7943373881164745,0.46421839046795477,9.934919227204881
2025-04-22 04:35:01.567,0.36753996269574385,0.17227953572251364,10.020437055169298
2025-04-22 04:35:01.667,0.727647738562708,0.328283245160166,9.986484385372396
2025-04-22 04:35:01.767,0.21380254485359146,0.3629049655190726,9.9358134155203
2025-04-22 04:35:01.867,0.3339156253805078,0.34820124131330965,9.958279013218169
2025-04-22 04:35:01.967,0.2276222590258286,0.07956000415458005,9.913959456451156
2025-04-22 04:35:02.067,0.35157235395777386,-0.1288873350424698,9.994136875016398
2025-04-22 04:35:02.167,0.21664482066319335,-0.07883532008558002,9.981583225507096
2025-04-22 04:35:02.267,0.20407261047284692,0.6833376987348683,9.917577500005237
2025-04-22 04:35:02.367,0.022957674872949294,0.1692633375308005,9.954406708835144
2025-04-22 04:35:02.467,-0.03766056300765749,-0.05200216113401423,9.993545042041692
2025-04-22 04:35:02.567,0.06739623450011153,0.10862898958747047,9.93809130205836
2025-04-22 04:35:02.667,-0.21973381981566625,-0.235231961886945,9.979060721805217
2025-04-22 04:35:02.767,-0.0808539291422169,0.24906751235688937,10.014553289231094
2025-04-22 04:35:02.867,-0.3644506844157109,0.021119195692937867,9.952107615889492
2025-04-22 04:35:02.967,-0.1760120037141867,0.04216197037063402,10.00615827863724
2025-04-22 04:35:03.067,-0.09061013021159886,-0.1427587548319092,9.99340938769038
2025-04-22 04:35:03.167,-0.4184414576499756,-0.42212216715107764,10.026290069107366
2025-04-22 04:35:03.267,-0.295467613590302,-0.2888034803863666,9.92751441746108
2025-04-22 04:35:03.367,-0.4964430151098524,-0.12176237291629233,10.041419678995426
2025-04-22 04:35:03.467,-0.4875814331837541,-0.159912613162085,9.984179820329642
2025-04-22 04:35:03.567,-0.5145437919083313,-0.19636424641755473,10.006236136298266
2025-04-22 04:35:03.667,-0.5285680523007834,-0.26021987151994647,9.92731639180406
2025-04-22 04:35:03.767,-0.6312345505398487,-0.5882100270997036,9.996869725040435
2025-04-22 04:35:03.867,-0.6569792009873401,-0.23856827938582661,10.019136977046697
2025-04-22 04:35:03.967,-0.9788787741207546,-0.7608273794568029,9.956837560991987
2025-04-22 04:35:04.067,-1.18920453144709,0.010241941519351871,10.000519585328624
2025-04-22 04:35:04.167,-0.6097503710129912,-0.4835615444268937,9.900519366191494
2025-04-22 04:35:04.267,-0.40945048834450887,-0.32298164992531664,9.948281171217468
2025-04-22 04:35:04.367,-1.1882133322384572,-0.43971323439984134,9.965451745462346
2025-04-22 04:35:04.467,-1.1037996108918615,-0.4069764887084629,9.995554991315894
2025-04-22 04:35:04.567,-1.1647991426504003,-0.67980228107987,9.91893948439703
2025-04-22 04:35:04.667,-1.2526953022035823,-0.423484239581502,10.035236986649338
2025-04-22 04:35:04.767,-0.7573447582467574,-0.8886955828218535,10.02790378320469
2025-04-22 04:35:04.867,-1.047210690529746,-0.7964537833980766,10.032634572344927
2025-04-22 04:35:04.967,-1.1928551037738129,-0.49486106938013574,10.000270075418385
2025-04-22 04:35:05.067,-0.8713861259151003,-0.9373347314557491,9.987409633082382
2025-04-22 04:35:05.167,-1.1564641214096467,-0.5672017592552498,10.0974961991832
2025-04-22 04:35:05.267,-1.0379358176549187,-0.9901763890629027,10.007637878602399
2025-04-22 04:35:05.367,-1.1979576105680956,-1.0606673548194054,9.893119803536983
2025-04-22 04:35:05.467,-0.6349668264219348,-0.5382020933398375,9.864514274791848
2025-04-22 04:35:05.567,-0.9682295628368425,-0.8654792166395457,10.113365168853027
2025-04-22 04:35:05.667,-0.9379408968416892,-0.9890495440467734,10.048439244087978
2025-04-22 04:35:05.767,-1.0123658521286043,-0.8759813518283673,9.943607434012266
2025-04-22 04:35:05.867,-1.1433706911785033,-1.2136742131910898,9.989724086766122
2025-04-22 04:35:05.967,-0.7315771388772426,-0.6655581895925122,10.007566564233654
2025-04-22 04:35:06.067,-0.8555206464328472,-1.1630191884082797,9.933078815881258
2025-04-22 04:35:06.167,-0.8624291746210921,-1.0867208693366748,10.018801857774092
2025-04-22 04:35:06.267,-0.5209626007262722,-0.06300802275902195,10.038702595451369
2025-04-22 04:35:06.367,-0.6438307173664218,-0.6962755414374253,10.010136002505877
2025-04-22 04:35:06.467,-0.6449941222806619,-0.6760259688358989,9.97994767654097
2025-04-22 04:35:06.567,-0.556377374441027,-0.7699715332219269,10.00350539120098
2025-04-22 04:35:06.667,-0.6405703978446959,-0.7982060972754568,9.978761207533305
2025-04-22 04:35:06.767,-0.48336202445174636,-1.0241188084628376,9.998973936511089
2025-04-22 04:35:06.867,-0.6194541001668661,-0.7741925283407578,10.011299022576518
2025-04-22 04:35:06.967,-0.3460495894560239,-0.7211673242984848,10.055622510135441
2025-04-22 04:35:07.067,-0.22125080952863693,-1.1245587594898816,10.025266171825299
2025-04-22 04:35:07.167,-0.5898901989172659,-0.7705681233651697,9.969821703189004
2025-04-22 04:35:07.267,-0.3329168134313975,-0.8302328601005848,9.97395213655352
2025-04-22 04:35:07.367,-0.12693837158549068,-1.036571260853131,10.00864459065994
2025-04-22 04:35:07.467,-0.24672865246327078,-0.8871290349649229,10.02351105198003
2025-04-22 04:35:07.567,0.20233135350704645,-1.116120590987227,10.011130651983338
2025-04-22 04:35:07.667,0.19813621273006526,-0.9520767208210884,10.034569423802592
2025-04-22 04:35:07.767,0.16219356689301762,-0.9810717332185179,10.051567567370881
2025-04-22 04:35:07.867,0.24816160898207365,-0.9759020663845646,9.956831289815126
2025-04-22 04:35:07.967,0.15262047468022033,-1.1201772982780829,9.972092211185872
2025-04-22 04:35:08.067,0.389250609151973,-1.1501713788510912,10.034070181213739
2025-04-22 04:35:08.167,0.8980032853557458,-1.0446351551829356,9.959607706125048
2025-04-22 04:35:08.267,0.6771940557574712,-1.0985580461309439,9.94689961749839
2025-04-22 04:35:08.367,-0.12216671196779483,-1.2758206503823706,10.002749817132624
2025-04-22 04:35:08.467,0.6905255569797605,-0.8982857355460242,9.983858185647387
2025-04-22 04:35:08.567,0.5742604148360297,-0.8667216349533966,10.025561078180166
2025-04-22 04:35:08.667,0.6772613586642167,-1.0363492190476018,9.961874077509535
2025-04-22 04:35:08.767,0.6542986898987422,-0.7533203770948196,9.916418734957821
2025-04-22 04:35:08.867,0.8222341795438761,-0.7061700196981453,10.020670107594242
2025-04-22 04:35:08.967,1.0763827779865023,-1.0398247703541612,10.028685916457764
2025-04-22 04:35:09.067,0.7420038182108437,-0.924419305131034,9.971853033821462
2025-04-22 04:35:09.167,0.37160231477078104,-0.6508090240050145,10.027407614717438
2025-04-22 04:35:09.267,0.7932576498556987,-0.8068751161015447,10.042106258042889
2025-04-22 04:35:09.367,0.3460611605606174,-0.6676179005275582,10.01288505731702
2025-04-22 04:35:09.467,1.1397260700271823,-0.7905529124814883,9.91618493064301
2025-04-22 04:35:09.567,1.0045996184029302,-0.5368608726468318,10.054146501508724
2025-04-22 04:35:09.667,0.763979433958945,-1.0090427023590756,10.007075397807283
2025-04-22 04:35:09.767,0.7882165839000002,-0.7436186016448278,9.897087350765295
2025-04-22 04:35:09.867,0.7658015450316235,-0.7951870382027338,10.027252237843188
2025-04-22 04:35:09.967,0.7654246979254609,-0.7907123207726625,10.021873913994547
2025-04-22 04:35:10.067,1.4602695824566883,-0.5316268501358481,10.030405078785991
2025-04-22 04:35:10.167,1.118865657617388,-0.5739613280382441,9.954383666701958
2025-04-22 04:35:10.267,1.2100205972032319,-0.637688505321231,10.051579095574612
2025-04-22 04:35:10.367,0.8507302757491615,-0.5837112980542174,9.907988140238773
2025-04-22 04:35:10.467,1.0711531650563515,-0.9130730479336491,9.917521114305627
2025-04-22 04:35:10.567,0.9909185296218271,-0.48639362098797945,10.031193756744631
2025-04-22 04:35:10.667,0.7523554280924277,-0.5113488659134096,10.041924786882294
2025-04-22 04:35:10.767,0.5567291896084614,-0.6342804199271359,9.994995917031856
2025-04-22 04:35:10.867,1.0560706791060157,-0.7536820706022997,10.012828737651004
2025-04-22 04:35:10.967,0.8441525935270499,-0.46922228570032043,9.909098794393456
2025-04-22 04:35:11.067,0.9141638707546107,-0.2728170681603791,10.015046816246274
2025-04-22 04:35:11.167,0.7120329237100766,-0.5392361468492247,9.951444306381442
2025-04-22 04:35:11.267,0.7562351290577046,-0.5664159773222377,9.97623554418421
2025-04-22 04:35:11.367,0.8322925426382266,-0.6913066683560449,10.025982985321038
2025-04-22 04:35:11.467,0.4230370904254266,-0.8559311051303475,10.036746553613646
2025-04-22 04:35:11.567,0.7149020449002309,-0.19199829006618893,9.94465984391427
2025-04-22 04:35:11.667,0.29593028625716944,0.2645122261542128,9.892803605731581
2025-04-22 04:35:11.767,0.5204504520746199,0.014784398796262227,10.005202617053211
2025-04-22 04:35:11.867,0.745939145884593,-0.08651955965586802,9.947928998286718
2025-04-22 04:35:11.967,0.4558048037164761,-0.3060421417017589,9.899670858886054
2025-04-22 04:35:12.067,0.35790057812084786,-0.0029587427324389015,9.911500836205732
2025-04-22 04:35:12.167,0.05188216803544646,-0.21857165138390214,10.024947532499137
2025-04-22 04:35:12.267,0.1347471097946915,-0.02467366665472258,9.93243466974306
2025-04-22 04:35:12.367,0.21572619670699775,0.07413765847159387,9.937911512761351
2025-04-22 04:35:12.467,0.06503350677881557,-0.1321041823075809,9.861709752875885
2025-04-22 04:35:12.567,0.0822995179567397,0.06783710352321178,10.027411404527747
2025-04-22 04:35:12.667,-0.3871345924623686,0.17927123696247904,9.870313191391888
2025-04-22 04:35:12.767,0.07173629656925318,0.009627128683327733,10.017661438343024
2025-04-22 04:35:12.867,-0.1587881739264605,0.2559009289303459,9.904293169384836
2025-04-22 04:35:12.967,-0.32202233631041,0.14409609413885635,9.992940208397473
2025-04-22 04:35:13.067,-0.6568843482327658,-0.1585501207568155,9.970050358762622
2025-04-22 04:35:13.167,-0.24720941769066654,0.7915286651624881,9.88392581621399
2025-04-22 04:35:13.267,-0.6627784237856614,0.35240894499954256,9.86968535892975
2025-04-22 04:35:13.367,-0.6094607146168853,-0.09882485760275334,9.947444992529455
2025-04-22 04:35:13.467,-0.1618631006887855,0.310423770935832,10.04244514824658
2025-04-22 04:35:13.567,-0.786514991915854,0.20742105789672183,9.92439885111261
2025-04-22 04:35:13.667,-0.5107197649887152,-0.011825465643807986,9.85742432419142
2025-04-22 04:35:13.767,-0.8056703611169465,-0.1567888727638223,9.91430380146858
2025-04-22 04:35:13.867,-0.7539775131654468,0.3674436447154476,9.951692578244746
2025-04-22 04:35:13.967,-1.0214723423995316,0.3443624408110805,9.86277793456068
2025-04-22 04:35:14.067,-0.6716241103720405,0.6615649498548666,9.88161133905943
2025-04-22 04:35:14.167,-0.7817580839700937,0.4621089566635967,9.90745244376944
2025-04-22 04:35:14.267,-0.9939225872927192,0.3815535508478206,9.88405314104569
2025-04-22 04:35:14.367,-0.7404193471405904,0.5132613341354714,9.93964795915648
2025-04-22 04:35:14.467,-0.9370615009478954,0.5758628319231851,9.89949395260368
2025-04-22 04:35:14.567,-0.9105911712866945,0.3296490915120987,9.82584012261808
2025-04-22 04:35:14.667,-1.0984538325356679,0.4463391825375397,9.903889146663541
2025-04-22 04:35:14.767,-1.1734717412941658,0.5883415593686231,9.898425479723317
2025-04-22 04:35:14.867,-1.0442965269683704,0.8292718052412839,9.858931952171849
2025-04-22 04:35:14.967,-0.8780956472696937,0.45035375502114294,9.940169091764757
2025-04-22 04:35:15.067,-0.9836245607935514,0.9248470232610725,9.830827534924245
2025-04-22 04:35:15.167,-0.7942706139434207,0.8380271655919638,9.914441693239553
2025-04-22 04:35:15.267,-0.658588557462804,0.5035110422216442,9.906894946893802
2025-04-22 04:35:15.367,-0.847980858531274,1.048731232084671,9.890819768354543
2025-04-22 04:35:15.467,-0.7701338476903122,0.5768678239516084,9.816325906038017
2025-04-22 04:35:15.567,-0.678289099160345,0.5673721279975408,9.758297810227997
2025-04-22 04:35:15.667,-0.9955336419362633,0.927439686717508,9.807237068092538
2025-04-22 04:35:15.767,-0.9587633675157246,0.5653976796342285,9.851620333248775
2025-04-22 04:35:15.867,-0.8812853975084995,0.6281381159285739,9.928477704433755
2025-04-22 04:35:15.967,-0.883945361628468,1.1619164073981512,9.860854302588152
2025-04-22 04:35:16.067,-0.879477870983389,0.5305047509418447,9.80589694339523
2025-04-22 04:35:16.167,-0.8816700134937925,0.8303091860703227,9.874096030818004
2025-04-22 04:35:16.267,-0.7016574291522368,0.7787227662903329,9.80561475410064
2025-04-22 04:35:16.367,-0.3863373834026817,0.8560648563270317,9.783669826479839
2025-04-22 04:35:16.467,-0.3009971512613628,1.1566680883064269,9.876906760529168
2025-04-22 04:35:16.567,-0.8020195769067149,1.0398611651497753,9.888564558658858
2025-04-22 04:35:16.667,-0.6123899747734705,1.0572438403214472,9.834050535968945
2025-04-22 04:35:16.767,-0.5347099237969417,1.1953827431077328,9.814010425009718
2025-04-22 04:35:16.867,-0.36534335350438846,0.7846272395040631,9.770403681272319
2025-04-22 04:35:16.967,-0.44480917635108025,1.3022118256820634,9.863730167134175
2025-04-22 04:35:17.067,-0.22873386433760773,0.9417736461585788,9.733016534008275
2025-04-22 04:35:17.167,-0.21263435372202705,0.9883353992940455,9.80494930743438
2025-04-22 04:35:17.267,-0.18894943473635858,0.7274175748882379,9.771224928546767
2025-04-22 04:35:17.367,-0.008999129484003304,1.0896380169067075,9.755764424062678
2025-04-22 04:35:17.467,0.11255481621202337,1.3893431949163535,9.763781575721511
2025-04-22 04:35:17.567,0.000846100825727697,1.1214858162099968,9.757765128716475
2025-04-22 04:35:17.667,-0.09938770493480954,0.8208475496811328,9.77157168948296
2025-04-22 04:35:17.767,-0.03470381823806046,1.3693497529533114,9.861410457986748
2025-04-22 04:35:17.867,0.06186422461591526,0.9391671941617137,9.78316903676877
2025-04-22 04:35:17.967,0.3988011553353219,0.8048542347609914,9.804844964491782
2025-04-22 04:35:18.067,0.071273020310303,0.641676495450929,9.721296556312476
2025-04-22 04:35:18.167,0.190311173266604,1.1485399787865298,9.887236035294201
2025-04-22 04:35:18.267,0.7401523027680457,0.8520151444457158,9.757699227593669
2025-04-22 04:35:18.367,0.6630870755173974,1.1236781734770291,9.87889032413995
2025-04-22 04:35:18.467,0.8618211750994372,0.7175640982702982,9.787198185840378
2025-04-22 04:35:18.567,0.8132477193448747,0.9560539857648552,9.765605754897413
2025-04-22 04:35:18.667,0.9195431899442665,0.8003544613260885,9.751465596167929
2025-04-22 04:35:18.767,1.0305472212887332,0.8562195320942474,9.728861802320338
2025-04-22 04:35:18.867,1.0016554145674816,1.0498325079333877,9.709716010331446
2025-04-22 04:35:18.967,0.7393730707937297,0.5585039932511064,9.687412037719614
2025-04-22 04:35:19.067,0.8151079802463665,0.897187938948053,9.796826429917544
2025-04-22 04:35:19.167,0.6869336548438737,0.7179039326562671,9.737701700658702
2025-04-22 04:35:19.267,1.1451585884469577,0.8326485960413033,9.695304431240578
2025-04-22 04:35:19.367,1.3454453955278036,1.057266111655473,9.8092109464077
2025-04-22 04:35:19.467,0.9728801592013236,0.7082600658387084,9.64843699546916
2025-04-22 04:35:19.567,0.9670401971027586,0.7377431609215946,9.703720544711837
2025-04-22 04:35:19.667,0.8617067078546862,1.0125944433494913,9.69439793768141
2025-04-22 04:35:19.767,0.8953643153797615,0.8667508310265115,9.723876453892068
2025-04-22 04:35:19.867,1.0049804742890533,0.7823744637117889,9.710750342198255
2025-04-22 04:35:19.967,1.4610797627257122,0.5002183791718251,9.671118630949586
2025-04-22 04:35:20.067,0.7320844604493107,0.6184172928105567,9.72877442975521
2025-04-22 04:35:20.167,1.2448354350370963,0.529799397494988,9.738421093335495
2025-04-22 04:35:20.267,0.8282832197542807,1.0337077423240326,9.665393831361275
2025-04-22 04:35:20.367,0.9959617895717162,0.37553568008485605,9.713497777435657
2025-04-22 04:35:20.467,0.958010725392699,0.6776664001523236,9.732530514459764
2025-04-22 04:35:20.567,0.9392934456390984,0.9631112499555288,9.682031607501974
2025-04-22 04:35:20.667,0.7482287817307869,0.47097200405495404,9.658487556629298
2025-04-22 04:35:20.767,1.1275404021569935,0.7909615479540426,9.683915944110407
2025-04-22 04:35:20.867,0.7201368147644645,0.3843417189225784,9.657059059617897
2025-04-22 04:35:20.967,0.3013146493874681,0.5591848714556281,9.699592036913838
2025-04-22 04:35:21.067,0.8610964222237123,0.6621979902317862,9.70109615403946
2025-04-22 04:35:21.167,0.5032953423613522,0.2960633239337437,9.640506551224613
2025-04-22 04:35:21.267,0.7106033188331391,0.4516076534552085,9.750294291132972
2025-04-22 04:35:21.367,0.8186661474367459,0.02193625237328084,9.743504564099569
2025-04-22 04:35:21.467,0.8032948659548407,0.3541750344352171,9.699777082644696
2025-04-22 04:35:21.567,0.2580875660153906,0.20196190096731353,9.586379692184552
2025-04-22 04:35:21.667,0.3971525156741115,0.462077155766474,9.696455209753891
2025-04-22 04:35:21.767,0.4370735461086227,0.24671151826557086,9.613286206000849
2025-04-22 04:35:21.867,0.09109174182505508,-0.2544632611651663,9.72486774842056
2025-04-22 04:35:21.967,-0.10976306466529884,0.1742029801220002,9.644819947399787
2025-04-22 04:35:22.067,0.2612454475339475,0.3160570565813636,9.668283814861843
2025-04-22 04:35:22.167,0.20017044297285,0.027842111267938827,9.66425207434937
2025-04-22 04:35:22.267,0.17746174050299926,0.35348509814140266,9.685501955690418
2025-04-22 04:35:22.367,0.05394703513683564,0.15067696370814274,9.607122097604677
2025-04-22 04:35:22.467,0.27560856915744664,0.12706838716937488,9.574733443401088
2025-04-22 04:35:22.567,-0.06098030081466929,-0.14245490575464556,9.68588223561721
2025-04-22 04:35:22.667,0.06786065853042086,-0.2045362384489788,9.580914259133253
2025-04-22 04:35:22.767,0.0012434601658075084,-0.5522055599417965,9.632531066710358
2025-04-22 04:35:22.867,-0.19333808417529336,-0.14527016032274007,9.633106805691067
2025-04-22 04:35:22.967,-0.18284229986774247,-0.2778892081121726,9.618127216002488
2025-04-22 04:35:23.067,-0.10088944940318373,-0.012251457832350848,9.664575175357458
2025-04-22 04:35:23.167,-0.17064782538002882,-0.21443016696166006,9.713018708724901
2025-04-22 04:35:23.267,-0.29368714236982607,-0.32210876398279176,9.618685394831623
2025-04-22 04:35:23.367,-0.7050242546057995,-0.05592812565826061,9.604058667858482
2025-04-22 04:35:23.467,-0.8757645076028454,-0.14889043016792436,9.608151971048597
2025-04-22 04:35:23.567,-0.5566651087153359,0.004980965382265334,9.590211066265775
2025-04-22 04:35:23.667,-0.8219396351892143,-0.43426444718138923,9.72607231249797
2025-04-22 04:35:23.767,-0.5093894206512471,-0.4767066124512519,9.560855445799774
2025-04-22 04:35:23.867,-0.7963200157329047,-0.3632120434807806,9.665179779350604
2025-04-22 04:35:23.967,-1.0129436776499805,-0.6874304603332599,9.606721052123953
2025-04-22 04:35:24.067,-0.7777716888818299,-0.2726510691088233,9.575545143120861
2025-04-22 04:35:24.167,-1.038331759201737,-0.8400735788566667,9.610714289991545
2025-04-22 04:35:24.267,-0.6536606993420725,-0.2602157297350705,9.611141999605683
2025-04-22 04:35:24.367,-1.2337549411295052,-0.8688638889650405,9.698164256925336
2025-04-22 04:35:24.467,-0.7696175683360311,-0.33759284797657974,9.608304029575972
2025-04-22 04:35:24.567,-0.8316763260012151,-0.7430786494323662,9.61830807543473
2025-04-22 04:35:24.667,-0.8405608470193378,-0.34994300349246327,9.632207206289653
2025-04-22 04:35:24.767,-0.9777539648289574,-0.5464277925042708,9.545668097303983
2025-04-22 04:35:24.867,-1.1545140331210053,-0.34424817640198097,9.543998897203085
2025-04-22 04:35:24.967,-1.1250243857879336,-0.44431204253926815,9.566950165441034
2025-04-22 04:35:25.067,-1.111790228495757,-0.6991637582164087,9.5462059225246
2025-04-22 04:35:25.167,-1.2709903785419032,-0.6325557254222718,9.603796849797968
2025-04-22 04:35:25.267,-0.6455134706516916,-0.4528932116042593,9.571785853686691
2025-04-22 04:35:25.367,-1.0519785804428596,-0.8367914128398087,9.652435979665206
2025-04-22 04:35:25.467,-0.9652016718496181,-0.9731148130888329,9.635034827633215
2025-04-22 04:35:25.567,-1.2355451389060848,-0.6199690005474432,9.657675898275071
2025-04-22 04:35:25.667,-1.089328536256508,-1.1814248082259797,9.629081835908732
2025-04-22 04:35:25.767,-0.7632408413101156,-0.5444640765789799,9.643977924374799
2025-04-22 04:35:25.867,-1.0928936362741142,-0.6740140966780961,9.612588051367082
2025-04-22 04:35:25.967,-0.49312976439147077,-0.8982228571457502,9.60540523818134
2025-04-22 04:35:26.067,-1.0690224526189374,-0.8717723399084578,9.614067926895066
2025-04-22 04:35:26.167,-0.8693405825109298,-1.1116641296942271,9.64470458005032
2025-04-22 04:35:26.267,-0.664359738694662,-0.841717828756726,9.69372179786991
2025-04-22 04:35:26.367,-0.7685279941406774,-1.2544649680186901,9.59435875545621
2025-04-22 04:35:26.467,-0.6505862193384,-1.0974001537040734,9.668660029870036
2025-04-22 04:35:26.567,-0.2131037122578266,-1.097825968544874,9.59789690139375
2025-04-22 04:35:26.667,-0.25514737398313064,-0.9046084778282858,9.674696499753454
2025-04-22 04:35:26.767,-0.3639099346627941,-1.1351660746130066,9.64268066895178
2025-04-22 04:35:26.867,-0.550863235698809,-0.8931272053738052,9.635118755432561
2025-04-22 04:35:26.967,-0.19271208515314006,-0.8345747297911923,9.549605755281004
2025-04-22 04:35:27.067,-0.10786738162692838,-0.7966458515455289,9.581627892899181
2025-04-22 04:35:27.167,-0.20951054124382834,-0.5711855923112711,9.61259999793171
2025-04-22 04:35:27.267,-0.33277155324688584,-0.9031931395446602,9.52558311595781
2025-04-22 04:35:27.367,-0.013064611635500281,-1.0295894627898545,9.600778096772107
2025-04-22 04:35:27.467,-0.3495336955204391,-0.8268727786529806,9.643805414228849
2025-04-22 04:35:27.567,-0.1114874743013069,-0.9954222795119954,9.609609996522416
2025-04-22 04:35:27.667,-0.01951823683589371,-0.9761723778101203,9.523775638224317
2025-04-22 04:35:27.767,-0.17013313167025487,-0.7835863146843728,9.613787795676185
2025-04-22 04:35:27.867,-0.07011455666467767,-1.2064132508267942,9.538603154371799
2025-04-22 04:35:27.967,0.23023003630819514,-1.2224362955769843,9.655587969133093
2025-04-22 04:35:28.067,-0.16295829954556207,-0.7689775001586342,9.589405602817122
2025-04-22 04:35:28.167,0.4593855908565511,-0.9193211886718585,9.585431385496149
2025-04-22 04:35:28.267,0.7086083080959366,-0.9233765335569314,9.654344572035166
2025-04-22 04:35:28.367,0.3000547336551277,-0.6305628153150719,9.618470497209696
2025-04-22 04:35:28.467,0.3516312841792284,-0.5428744597411076,9.667335952873882
2025-04-22 04:35:28.567,0.2689263041482869,-0.8036808509961508,9.610127701981936
2025-04-22 04:35:28.667,0.6221122001564299,-1.0343250935715695,9.561328780021265
2025-04-22 04:35:28.767,1.0742410852380762,-0.5262859836064077,9.607574622469695
2025-04-22 04:35:28.867,0.6973544901182622,-0.9229996908236897,9.561501691469983
2025-04-22 04:35:28.967,0.7793194946724796,-0.6451566713200039,9.578817474531165
2025-04-22 04:35:29.067,0.847557729751584,-0.907115732714183,9.536547689538484
2025-04-22 04:35:29.167,0.862150378343761,-0.7709339210736473,9.584563494764772
2025-04-22 04:35:29.267,1.110366037651843,-0.9499217144791574,9.507944706772767
2025-04-22 04:35:29.367,1.0363542663316216,-0.8275972950682077,9.541692358893716
2025-04-22 04:35:29.467,0.9651540790405501,-1.0986680245363345,9.584322621841313
2025-04-22 04:35:29.567,0.6206530593278836,-0.9372487165779338,9.565679016020143
2025-04-22 04:35:29.667,1.0067616249973415,-1.1122681980257652,9.605699840975879
2025-04-22 04:35:29.767,1.055332478188305,-0.7945337059840382,9.587315370972044
2025-04-22 04:35:29.867,0.7149275201504326,-1.1779813424393335,9.603138497317063
2025-04-22 04:35:29.967,0.847472093988719,-0.7921772094213452,9.617894031939139
2025-04-22 04:35:30.067,0.9026758820241507,-0.12641042968386784,9.618685570410024
2025-04-22 04:35:30.167,0.9815060486538968,-0.848706004015301,9.578699615784776
2025-04-22 04:35:30.267,0.814499552794651,-0.8855862343860897,9.637765566742347
2025-04-22 04:35:30.367,0.8577279858408295,-0.7670704057420594,9.630607614420132
2025-04-22 04:35:30.467,0.8627601130637748,-0.7110543819790203,9.577178125372534
2025-04-22 04:35:30.567,1.0695518715420942,-0.3213893734311129,9.698998982384044
2025-04-22 04:35:30.667,0.7063102680461733,-0.6914786205164418,9.666489416236745
2025-04-22 04:35:30.767,0.887605604346627,-0.5407375769067361,9.66537770273271
2025-04-22 04:35:30.867,0.5203053735787345,-0.9768314654309656,9.694062494833513
2025-04-22 04:35:30.967,0.8321304929500417,-0.6636351761479348,9.582965274736473
2025-04-22 04:35:31.067,0.5628922981685424,-0.6188185042076917,9.548343597207394
2025-04-22 04:35:31.167,0.5393382709827863,-0.4263914879673201,9.628763919973888
2025-04-22 04:35:31.267,0.8699472036082512,-0.3063052590133857,9.673896101494694
2025-04-22 04:35:31.367,0.5005138702991387,0.15893352131178928,9.65374741713012
2025-04-22 04:35:31.467,0.7038567018916041,-0.5015162917549536,9.654215654372623
2025-04-22 04:35:31.567,0.7283915028023735,-0.25650575694441013,9.694706224029183
2025-04-22 04:35:31.667,0.5983458779607064,-0.43024383660830656,9.62893570705465
2025-04-22 04:35:31.767,0.5809105056390752,-0.482659820534536,9.716358452408071
2025-04-22 04:35:31.867,0.4280027851995702,-0.11108871410210133,9.7309103307976
2025-04-22 04:35:31.967,0.04699028841979552,-0.14628089786432452,9.710697515158941
2025-04-22 04:35:32.067,0.3549090507286048,-0.429416412459564,9.740670301691635
2025-04-22 04:35:32.167,0.15204861337684178,-0.145105249153445,9.699643630127815
2025-04-22 04:35:32.267,0.2722212380582898,-0.10155647394539179,9.70351259673624
2025-04-22 04:35:32.367,0.11812296717913026,0.03899894078674328,9.718196762611157
2025-04-22 04:35:32.467,0.30320327635888766,-0.06561736541007986,9.627941293611144
2025-04-22 04:35:32.567,-0.22301982237873924,-0.06831562398335206,9.684161109311408
2025-04-22 04:35:32.667,-0.19526408677245952,0.2639315257649455,9.6312519241507
2025-04-22 04:35:32.767,0.08458224739920778,0.3322144920622926,9.677111561674067
2025-04-22 04:35:32.867,-0.20202835037804884,-0.17811300962377766,9.675108661692176
2025-04-22 04:35:32.967,-0.279632936358514,0.014066273241034821,9.745363408154741
2025-04-22 04:35:33.067,-0.01726818915611611,-0.0063934052903280025,9.781169641297625
2025-04-22 04:35:33.167,-0.8553176394937045,-0.10496790358580904,9.673952672489953
2025-04-22 04:35:33.267,-0.5911555837533669,0.1360097259144313,9.700146314099149
2025-04-22 04:35:33.367,-0.46674077131993513,0.08372548775849553,9.754690055002927
2025-04-22 04:35:33.467,-0.6232147195345338,-0.052546653432276214,9.739164504220454
2025-04-22 04:35:33.567,-0.6085148125945985,0.447610085300167,9.688753925405452
2025-04-22 04:35:33.667,-0.5038064916060121,0.34513861573704635,9.684056089751298
2025-04-22 04:35:33.767,-0.9312662373772381,0.4944031842575119,9.702539985301492
2025-04-22 04:35:33.867,-0.6555168608764989,0.2525429098695854,9.746578310990511
2025-04-22 04:35:33.967,-0.8440789472085517,0.3587749190040564,9.622068873111283
2025-04-22 04:35:34.067,-0.5757403604801211,0.4155713336767847,9.770958056523789
2025-04-22 04:35:34.167,-0.6732535349326187,0.17563675705193504,9.703859694664882
2025-04-22 04:35:34.267,-0.6956184239639126,0.7590946480193457,9.700953263326493
2025-04-22 04:35:34.367,-1.1928536304956538,0.6649243078607289,9.697185194865048
2025-04-22 04:35:34.467,-1.075121708350096,0.6480093717708083,9.773338619127582
2025-04-22 04:35:34.567,-1.0538392906888607,0.5269970653951301,9.672087571889257
2025-04-22 04:35:34.667,-0.972937638985736,0.6068163906039695,9.775399598375653
2025-04-22 04:35:34.767,-0.9507810681654691,0.6857473199765096,9.693319626049567
2025-04-22 04:35:34.867,-1.1712377852040725,0.6230152218247731,9.712708968813956
2025-04-22 04:35:34.967,-1.1114040972106025,0.46703448830851335,9.679080903273851
2025-04-22 04:35:35.067,-1.0800781617222177,0.27327355292276595,9.76334721293038
2025-04-22 04:35:35.167,-0.9241751454280558,1.1256722310059808,9.766206337145372
2025-04-22 04:35:35.267,-1.4425012569761995,0.579399047610188,9.73635308687624
2025-04-22 04:35:35.367,-0.9733154932074962,0.8508513060484294,9.681132319022934
2025-04-22 04:35:35.467,-0.7924612338412954,0.8168205733728214,9.779233514268524
2025-04-22 04:35:35.567,-1.1200358224818479,0.44943076607414606,9.770143181143126
2025-04-22 04:35:35.667,-0.991656669672286,0.8584821391524273,9.83167914581717
2025-04-22 04:35:35.767,-0.7904858668000713,1.1288328169508262,9.647622915119506
2025-04-22 04:35:35.867,-0.811328156746903,0.6555586516378202,9.80380652138326
2025-04-22 04:35:35.967,-0.5835856212661812,0.9026711030518794,9.73265793512245
2025-04-22 04:35:36.067,-1.0485272879853809,0.9274401575467992,9.681948161579824
2025-04-22 04:35:36.167,-0.591094819511383,0.742923562564393,9.73450868379428
2025-04-22 04:35:36.267,-0.905628704543098,0.9726193779508485,9.76494118488837
2025-04-22 04:35:36.367,-0.5173848185892146,1.0139709337181926,9.784000315570111
2025-04-22 04:35:36.467,-0.5790235372069696,0.676779837641164,9.670792388213123
2025-04-22 04:35:36.567,-0.8122676701439879,0.9837208386703378,9.861283225045023
2025-04-22 04:35:36.667,-0.41264814109289183,0.6348163330952228,9.79249587061544
2025-04-22 04:35:36.767,-0.5184895391021879,0.8331718296463306,9.855609130000268
2025-04-22 04:35:36.867,-0.7029143480862622,0.8465406244312971,9.716531231324895
2025-04-22 04:35:36.967,-0.3888691483498077,1.0747284730810436,9.817554256710528
2025-04-22 04:35:37.067,-0.1549376090817277,1.0502857285743499,9.745332281142476
2025-04-22 04:35:37.167,-0.03058280545228015,0.8431448306656784,9.847844078010837
2025-04-22 04:35:37.267,-0.15094560627645356,0.7045042765913021,9.837142196050168
2025-04-22 04:35:37.367,0.03175907053445709,1.292181320704514,9.751820673720358
2025-04-22 04:35:37.467,-0.09957954715570351,1.2988712005259535,9.767724896178375
2025-04-22 04:35:37.567,0.02798137942776242,1.0880043604053273,9.7282366663875
2025-04-22 04:35:37.667,0.16762423824586503,1.4534792241514496,9.77113427434455
2025-04-22 04:35:37.767,-0.04137990421475818,0.94356856409202,9.81345280384474
2025-04-22 04:35:37.867,0.2466331815886651,0.787561506577724,9.839845028314347
2025-04-22 04:35:37.967,0.5367885620597492,1.0967287201677374,9.835445405191377
2025-04-22 04:35:38.067,0.6478474378977415,0.8699017859861436,9.748090811888257
2025-04-22 04:35:38.167,0.6112592796207285,1.0389650442468368,9.861494356398056
2025-04-22 04:35:38.267,0.4756879631712142,1.185146816737885,9.894594854429341
2025-04-22 04:35:38.367,0.7250305321267313,1.4100711754466833,9.829998689390615
2025-04-22 04:35:38.467,0.37183055193800024,0.8299454310984385,9.93252984817925
2025-04-22 04:35:38.567,0.5556599859751445,0.7564874706710092,9.831136853199217
2025-04-22 04:35:38.667,0.7743214015320883,1.1361989407816167,9.883856133527926
2025-04-22 04:35:38.767,0.9895503874709555,0.6563659320581101,9.838518454771126
2025-04-22 04:35:38.867,0.9337208045234316,0.9620175593655079,9.793858933147696
2025-04-22 04:35:38.967,0.5840231196754491,0.9685548978744986,9.970119597869934
2025-04-22 04:35:39.067,0.630279503008756,0.6205061830578591,9.80638988509265
2025-04-22 04:35:39.167,0.6456470944160095,0.4135224661405855,9.933233885670631
2025-04-22 04:35:39.267,0.8712364836879228,0.8116247421451891,9.923803855379091
2025-04-22 04:35:39.367,0.976357352441487,0.9800012348004582,9.880316810990603
2025-04-22 04:35:39.467,0.8962938760671462,1.1660684037536053,9.830822373978624
2025-04-22 04:35:39.567,0.9259014127766996,0.9209179772826139,9.914286487697172
2025-04-22 04:35:39.667,1.278458777380972,0.7510557150009376,9.913505671349359
2025-04-22 04:35:39.767,0.6484237234207224,0.639024209569959,9.847625076802174
2025-04-22 04:35:39.867,1.0623245120170788,0.5407084227054676,9.900490467941715
2025-04-22 04:35:39.967,1.210004710787894,0.3473039459802445,9.975133409856685
2025-04-22 04:35:40.067,1.0779797173549381,0.8837827675469105,9.79880078513912
2025-04-22 04:35:40.167,1.2899827357286486,0.5016919520080023,9.8704614307442
2025-04-22 04:35:40.267,0.8582995104053235,0.5863770451954533,9.900005764085591
2025-04-22 04:35:40.367,0.8457072622011959,0.8688852021067005,9.871336029492815
2025-04-22 04:35:40.467,0.9330554608033387,0.4803756019156192,9.853359576292908
2025-04-22 04:35:40.567,0.8602276662137677,0.4754236292233597,9.982928590773012
2025-04-22 04:35:40.667,1.1348485798571806,0.5184821779308435,9.73818488582632
2025-04-22 04:35:40.767,0.8802971737503917,0.5313677130206116,9.856662508363625
2025-04-22 04:35:40.867,1.0137419905362408,0.7136191775861951,9.799994651740638
2025-04-22 04:35:40.967,1.1664953587636044,0.4301481926795963,9.89620043426155
2025-04-22 04:35:41.067,0.7420687207374583,0.31650467889601785,9.925904294509587
2025-04-22 04:35:41.167,1.001196605767893,0.3686955103904322,9.92367387043441
2025-04-22 04:35:41.267,0.8865702783757392,0.09231079947932924,9.94886358099485
2025-04-22 04:35:41.367,0.8058296866313106,0.27399769844123567,9.954554058011214
2025-04-22 04:35:41.467,0.4076797284589568,0.31393627447767875,9.931525294487656
2025-04-22 04:35:41.567,0.6848703778851674,0.01604922481615212,9.930935672903496
2025-04-22 04:35:41.667,0.6761746698203883,0.39560637996367365,9.90738522292075
2025-04-22 04:35:41.767,0.609696849243715,0.039918486344574955,9.918604327878102
2025-04-22 04:35:41.867,0.3561908704567809,0.208012593091768,10.006841823228552
2025-04-22 04:35:41.967,0.019117906836458698,0.2627668331642311,9.818723888834965
2025-04-22 04:35:42.067,0.20172094690787976,0.08947837555740501,10.034648796901713
2025-04-22 04:35:42.167,0.3263202201430187,-0.15953655163327346,10.035352070036321
2025-04-22 04:35:42.267,-0.16721120219232516,-0.4275092668442547,10.01912417945151
2025-04-22 04:35:42.367,-0.20357399528431988,0.07905691851040965,9.92397564075261
2025-04-22 04:35:42.467,-0.04222270990142333,-0.11100944218912809,9.960122469192573
2025-04-22 04:35:42.567,0.05538071940068988,-0.1671138200218191,9.825528896080383
2025-04-22 04:35:42.667,-0.1514021415355779,-0.30146199680351526,9.947791619873419
2025-04-22 04:35:42.767,-0.2671223787388305,0.03501371076638904,9.909868956732012
2025-04-22 04:35:42.867,0.022677633354312082,-0.15231844527305446,10.029261222009428
2025-04-22 04:35:42.967,-0.22216647321909433,-0.2827519114159465,9.928780070589998
2025-04-22 04:35:43.067,-0.4469337368772771,-0.04288720862205497,9.899456664666408
2025-04-22 04:35:43.167,-0.2593776017060271,-0.15888219850120447,10.01012903227464
2025-04-22 04:35:43.267,-0.49397452198586494,-0.06059247515402219,10.030581972575103
2025-04-22 04:35:43.367,-0.560163242853998,-0.15147947167167625,9.997055275991645
2025-04-22 04:35:43.467,-0.8820461690530571,-0.5120314630268652,10.021929466353404
2025-04-22 04:35:43.567,-0.6124224499844879,-0.22561624829906812,9.984908575040702
2025-04-22 04:35:43.667,-0.3280141261459275,-0.4055688496364741,9.956701790881356
2025-04-22 04:35:43.767,-0.45360911513586366,-0.3451483254442812,9.957831516971845
2025-04-22 04:35:43.867,-0.5317650330806262,-0.41562214399792335,9.861611850931421
2025-04-22 04:35:43.967,-0.6271715392793773,-0.39625617877102487,9.953057124176144
2025-04-22 04:35:44.067,-0.8082981469328373,-0.3778628152996094,9.91087981528979
2025-04-22 04:35:44.167,-0.7074431887339483,-0.5936492687182404,9.919981522758569
2025-04-22 04:35:44.267,-0.6561338349225939,-0.6410831194307717,9.980296084708504
2025-04-22 04:35:44.367,-0.9657701982373922,-0.7539277204018766,9.990797798911752
2025-04-22 04:35:44.467,-1.037334244337869,-0.5594908198819315,10.008603865987705
2025-04-22 04:35:44.567,-0.584950978601519,-0.6399588633483728,9.920257812152885
2025-04-22 04:35:44.667,-1.041976182865101,-0.5994528560326693,9.89938026507932
2025-04-22 04:35:44.767,-1.0818655010225466,-0.6795025354756893,9.918255896627452
2025-04-22 04:35:44.867,-0.5999638089661676,-0.8324742636862822,9.893787751014331
2025-04-22 04:35:44.967,-1.1316441897197198,-0.2472280114036003,9.97701607530641
2025-04-22 04:35:45.067,-1.0528893847595688,-0.46372927697373806,9.93996207281742
2025-04-22 04:35:45.167,-0.9847628371443613,-0.6149102749870355,9.944917080174301
2025-04-22 04:35:45.267,-0.8414652560324997,-0.7152497741333198,10.080665600961483
2025-04-22 04:35:45.367,-1.4135161655458641,-0.5066812672682346,9.978513098486452
2025-04-22 04:35:45.467,-1.1294694837986747,-0.9493410470006192,10.035908272826822
2025-04-22 04:35:45.567,-1.2602204546131235,-0.5160992269818563,10.014346377669876
2025-04-22 04:35:45.667,-1.2457540364819235,-0.5521922842591124,9.928598555808156
2025-04-22 04:35:45.767,-0.8475762670375172,-0.8315952764824367,10.034867817595504
2025-04-22 04:35:45.867,-0.8869587165671889,-0.7556304729505172,10.013584249574919
2025-04-22 04:35:45.967,-0.7806889365214008,-1.1341696166146462,9.961306914299616
2025-04-22 04:35:46.067,-0.6485364254481314,-0.9211639026763911,9.943795721336237
2025-04-22 04:35:46.167,-0.6102822039022835,-1.0723259857103125,10.079027371840272
2025-04-22 04:35:46.267,-0.7130056278457515,-0.9488002559578459,10.044185433329025
2025-04-22 04:35:46.367,-0.8128777852494672,-0.9857588770688054,9.943918278852282
2025-04-22 04:35:46.467,-0.4790418696275689,-0.988168392346817,10.033144940146455
2025-04-22 04:35:46.567,-0.7892510412288325,-0.7964452136423784,9.925608310784723
2025-04-22 04:35:46.667,-0.3242795368874365,-1.3506659148489168,9.986848859057382
2025-04-22 04:35:46.767,-0.28914902566432915,-0.9599406088923537,9.958887239726739
2025-04-22 04:35:46.867,0.0042186138825211494,-0.8917439211008777,10.028295395281303
2025-04-22 04:35:46.967,-0.47322021904206246,-0.8932259994218256,10.056825730827745
2025-04-22 04:35:47.067,-0.42558189116462763,-1.0216178140423111,9.994830607711872
2025-04-22 04:35:47.167,-0.29962941576944807,-0.9950586845034084,10.051027998745136
2025-04-22 04:35:47.267,0.1589451651636001,-1.00710118928524,9.965862328099554
2025-04-22 04:35:47.367,0.024972351806239676,-0.9927073418953264,10.032000323384368
2025-04-22 04:35:47.467,0.3464450603584075,-0.7039985643515607,10.057507049635879
2025-04-22 04:35:47.567,-0.3141831118635869,-1.0887409843194407,9.967645369864155
2025-04-22 04:35:47.667,0.11650207947149147,-0.9775881532404965,9.92052073649202
2025-04-22 04:35:47.767,0.007983703382953428,-0.9418700621772186,9.985226875571643
2025-04-22 04:35:47.867,0.2615586633110082,-1.3441686503135244,9.94541846652446
2025-04-22 04:35:47.967,0.2468084233078744,-1.188745047250118,9.988427972162782
2025-04-22 04:35:48.067,0.30441872049679997,-1.0663358686305169,10.009757081152207
2025-04-22 04:35:48.167,0.3048176355251873,-0.8840237103740713,9.985802833191462
2025-04-22 04:35:48.267,0.7395091589490567,-1.058319545435219,10.041536287082904
2025-04-22 04:35:48.367,0.374525435058558,-1.0419512648765437,10.066029220502381
2025-04-22 04:35:48.467,0.27446688390303275,-1.0312556924492713,9.977052534687704
2025-04-22 04:35:48.567,0.6260592256896577,-1.0772472891035119,10.063876684316813
2025-04-22 04:35:48.667,0.6022372836252247,-0.7894102278467422,10.02283939138274
2025-04-22 04:35:48.767,0.8974346593248358,-1.016033759627286,9.998304429071098
2025-04-22 04:35:48.867,0.9235127631626879,-1.009070953892622,9.97647408575938
2025-04-22 04:35:48.967,1.186027027059916,-0.8461799760716474,9.98014893676497
2025-04-22 04:35:49.067,0.8630101455248395,-0.7239249568488199,10.010339501824722
2025-04-22 04:35:49.167,0.9039096283416574,-0.9530157350299973,9.980486752066225
2025-04-22 04:35:49.267,0.9537786379785947,-0.5492344156618121,9.905135583435767
2025-04-22 04:35:49.367,0.9582976300975201,-0.7102091952596232,9.999418995997916
2025-04-22 04:35:49.467,1.001161955856184,-0.5474810009160229,9.947177475913717
2025-04-22 04:35:49.567,1.1278149937535473,-1.0869879941839884,10.01016449817289
2025-04-22 04:35:49.667,0.8044899033387394,-0.5655543483971872,9.975968235516088
2025-04-22 04:35:49.767,0.7469285055718562,-0.7427357628393875,9.941909182737767
2025-04-22 04:35:49.867,0.979586571171196,-0.6778431367569551,9.979325494213576
2025-04-22 04:35:49.967,1.284873894741136,-0.46426593457808846,10.00801043156868
2025-04-22 04:35:50.067,0.9782399499476089,-0.5579622947154989,10.09800455979273
2025-04-22 04:35:50.167,0.5834848777035003,-0.7195737311805389,9.957324461687405
2025-04-22 04:35:50.267,1.559906344759969,-0.7551915004862781,9.923661884272114
2025-04-22 04:35:50.367,1.1531716993419892,-0.5858987001689977,9.966804915099027
2025-04-22 04:35:50.467,1.2284186432487847,-0.5601887390679924,10.021178131761546
2025-04-22 04:35:50.567,1.1979755022230458,-0.3124428960212595,10.042294405079177
2025-04-22 04:35:50.667,1.0620974475608222,-0.5894045324877456,9.989733898324399
2025-04-22 04:35:50.767,1.0799393908702992,-0.41496783712852015,9.979229502377557
2025-04-22 04:35:50.867,0.7657500860494673,-0.43553928190318425,9.970828301809515
2025-04-22 04:35:50.967,0.6509744508026546,-0.629021547394692,9.978464541057452
2025-04-22 04:35:51.067,0.756634631702146,-0.5406170670152779,9.996683560597278
2025-04-22 04:35:51.167,0.6343129595641754,-0.14347544252590416,10.000985873942518
2025-04-22 04:35:51.267,0.5061494668825319,-0.6239038099178743,9.991022397012209
2025-04-22 04:35:51.367,1.1484314003435316,-0.30412890068111437,9.93859764478091
2025-04-22 04:35:51.467,0.5849514155603363,-0.3825754151818439,9.940615765715137
2025-04-22 04:35:51.567,0.1668287449900846,-0.4564362061954089,9.904618833515702
2025-04-22 04:35:51.667,0.5391311687468916,-0.19701348694275522,9.862347698017889
2025-04-22 04:35:51.767,0.707326749306633,-0.48325485731183193,9.93024675016749
2025-04-22 04:35:51.867,0.4837254097715816,-0.35268295788783,9.921808326692982
2025-04-22 04:35:51.967,0.18676803700161718,-0.38551562472080647,9.93720305945773
2025-04-22 04:35:52.067,0.10014817700538753,0.062371776803448825,9.94433154733963
2025-04-22 04:35:52.167,0.4738212230317856,-0.046816113710442864,9.856982463474646
2025-04-22 04:35:52.267,0.46601046474110075,0.3133844627865507,10.039834626461987
2025-04-22 04:35:52.367,0.5019133228693344,0.011483474993061404,10.00585776553966
2025-04-22 04:35:52.467,0.1704663490967433,-0.1774286364675323,9.853592522131999
2025-04-22 04:35:52.567,-0.350807617641432,0.35307791061564214,9.938998006761883
2025-04-22 04:35:52.667,-0.172370710091063,-0.05783612292868377,9.857191766479742
2025-04-22 04:35:52.767,0.03443529969439102,0.09737518573116646,9.874230218382053
2025-04-22 04:35:52.867,-0.44371538040249614,0.03298412898693405,9.9304768369271
2025-04-22 04:35:52.967,-0.49604446679349856,0.025914147044211633,9.906622708487825
2025-04-22 04:35:53.067,-0.08790028904036246,0.4211268885746266,9.988741312906303
2025-04-22 04:35:53.167,-0.38937189440026426,0.1763425299204699,9.794769278587435
2025-04-22 04:35:53.267,-0.5889673048533403,0.3274473674732994,9.980812680955454
2025-04-22 04:35:53.367,-0.3423695616416077,0.4201170232424688,9.964226377671679
2025-04-22 04:35:53.467,-0.8196306981937955,0.3226109978496031,9.92552175643372
2025-04-22 04:35:53.567,-0.5967058903198251,0.35955932189229817,9.967261689793167
2025-04-22 04:35:53.667,-1.1041979182043944,0.38678695592529627,9.909766855516283
2025-04-22 04:35:53.767,-0.6575713928111372,0.38976597045036293,9.936282403772228
2025-04-22 04:35:53.867,-0.6508996415127556,0.5369937238976944,9.853188198993822
2025-04-22 04:35:53.967,-0.6873574145237703,0.569777716275055,9.942810316924925
2025-04-22 04:35:54.067,-1.0841284880587545,0.563577800590525,9.891849320967832
2025-04-22 04:35:54.167,-0.7847975640338096,0.5908861652181142,9.890372647986274
2025-04-22 04:35:54.267,-1.5465196959341108,0.4922056131851783,9.928553568490647
2025-04-22 04:35:54.367,-1.1173342996305626,0.6178571452108879,9.846284337566017
2025-04-22 04:35:54.467,-0.9111562617232315,0.4625004910883748,9.9063621501361
2025-04-22 04:35:54.567,-0.8670187523561776,0.5356074839196184,9.90202150924646
2025-04-22 04:35:54.667,-0.6918009768759754,0.47459478632651453,9.870604011218974
2025-04-22 04:35:54.767,-1.0535149649147342,0.5000071335712348,9.867194041246353
2025-04-22 04:35:54.867,-0.830371041607216,0.5572164963947495,9.92438975151755
2025-04-22 04:35:54.967,-1.0039213933874442,0.5340847750182394,9.857922671848007
2025-04-22 04:35:55.067,-1.0680136670404836,0.538094159356753,9.837308127665194
2025-04-22 04:35:55.167,-1.1665223745897517,0.7101385964848475,9.852379877008397
2025-04-22 04:35:55.267,-0.7450837038420872,0.8920820020466683,9.804873226166633
2025-04-22 04:35:55.367,-0.8511288869549314,0.9801800174122253,9.849462407458855
2025-04-22 04:35:55.467,-0.6381421159247216,0.47055165306297786,9.784215269195217
2025-04-22 04:35:55.567,-1.0079984347915187,0.8067779648825328,9.70540427625476
2025-04-22 04:35:55.667,-0.6682136273150561,0.5932382500042871,9.793924500761307
2025-04-22 04:35:55.767,-0.7751071491307054,0.9014412209281413,9.931863650237931
2025-04-22 04:35:55.867,-0.7913934221431246,0.8593078255853913,9.860633097038345
2025-04-22 04:35:55.967,-0.9486763430484949,0.8743012507864828,9.87816188722707
2025-04-22 04:35:56.067,-1.2537638630952785,0.9098328307109522,9.83754057780191
2025-04-22 04:35:56.167,-0.777255934560567,0.9181311817102609,9.769792734008053
2025-04-22 04:35:56.267,-0.8714553930999445,1.0495735815803884,9.881540368141623
2025-04-22 04:35:56.367,-0.6066687514529858,0.59566748380228,9.80321167455164
2025-04-22 04:35:56.467,-0.5286167659922006,1.2476797022111579,9.8008217048786
2025-04-22 04:35:56.567,-0.6616954448976406,0.7537776989299737,9.835975312737414
2025-04-22 04:35:56.667,-0.3925848411766414,0.928546692537042,9.75749089520714
2025-04-22 04:35:56.767,-0.6192324869301731,1.0546540448938782,9.709838450576877
2025-04-22 04:35:56.867,-0.35419802576162235,1.001732421985097,9.759344640133769
2025-04-22 04:35:56.967,-0.058618283254226744,0.7576403180394319,9.784307090460514
2025-04-22 04:35:57.067,-0.2753304587877043,0.7844081301400202,9.774542553156644
2025-04-22 04:35:57.167,-0.18763542385976092,1.2704488561766123,9.841770298432294
2025-04-22 04:35:57.267,-0.30440343954041327,1.0806926696787857,9.778610252482993
2025-04-22 04:35:57.367,0.2340066123509421,1.2736973387462822,9.840548630359327
2025-04-22 04:35:57.467,-0.25262676293606595,1.1298423585709059,9.73632434158798
2025-04-22 04:35:57.567,-0.21430188986294602,1.0024059815879232,9.788637585175753
2025-04-22 04:35:57.667,-0.09253911209636694,0.8619814739679021,9.889787907576274
2025-04-22 04:35:57.767,0.20871536904570304,1.2900569888074955,9.854384107014084
2025-04-22 04:35:57.867,0.3592698741501731,0.8472534569031722,9.80989777222689
2025-04-22 04:35:57.967,0.3184026648968928,0.7634076120046769,9.855528872649455
2025-04-22 04:35:58.067,0.32561627609908406,1.2885236227742074,9.683698213931699
2025-04-22 04:35:58.167,0.47062713944217704,1.3110105428889318,9.715936137764375
2025-04-22 04:35:58.267,0.5586444131411465,0.8670720988129916,9.718584836586068
2025-04-22 04:35:58.367,0.43864895737960524,1.0425288069874146,9.731911493503267
2025-04-22 04:35:58.467,0.21793267655089138,0.7323038814333809,9.767071046368093
2025-04-22 04:35:58.567,0.6139340053630485,1.1481081364249086,9.820958185364546
2025-04-22 04:35:58.667,0.5506308703422418,0.8463662765204374,9.793075192532383
2025-04-22 04:35:58.767,0.4349607218831067,1.014285304914337,9.76057244751607
2025-04-22 04:35:58.867,0.7546042182492798,0.7421174631267082,9.654498939765928
2025-04-22 04:35:58.967,0.5436290005764675,0.615814807886913,9.860829360788156
2025-04-22 04:35:59.067,0.8651838718071911,1.1269515700320227,9.655001220762607
2025-04-22 04:35:59.167,0.9638821214833394,0.7493419997725542,9.72351098261578
2025-04-22 04:35:59.267,1.1900071256275941,1.2548056135286703,9.735012504786274
2025-04-22 04:35:59.367,0.4635546597960495,0.826019489078448,9.756230747101597
2025-04-22 04:35:59.467,1.1470805990938535,0.6690557162561783,9.795490953476966
2025-04-22 04:35:59.567,1.1032002440862332,0.9709879100930757,9.75811261942141
2025-04-22 04:35:59.667,1.0097392390330155,0.9199966977376215,9.757504760519708
2025-04-22 04:35:59.767,1.0242110626181764,0.6201743805277766,9.707081853281691
2025-04-22 04:35:59.867,0.9135558136810098,0.8128531508109523,9.735291924810005
2025-04-22 04:35:59.967,0.7386647512512269,0.8083493634016277,9.612234821964924
2025-04-22 04:36:00.067,0.8112629700631541,0.5908156089919274,9.740584258234989
2025-04-22 04:36:00.167,1.100313395258876,0.5973770539896655,9.677766770165242
2025-04-22 04:36:00.267,1.4747373170209195,0.5536189472589707,9.715644355264617
2025-04-22 04:36:00.367,1.4112168151357525,0.5877270347159671,9.728579103815596
2025-04-22 04:36:00.467,0.8790252354016719,0.28710743621853685,9.679560815141201
2025-04-22 04:36:00.567,0.9641936463852933,0.4801464405358376,9.691940061348557
2025-04-22 04:36:00.667,0.9919036930513925,0.40285483454978577,9.707229458439251
2025-04-22 04:36:00.767,0.762611863939804,0.28244245839015925,9.749765025817403
2025-04-22 04:36:00.867,1.0576715483702965,0.41941721251170555,9.663735821514626
2025-04-22 04:36:00.967,0.8322496601248972,0.7869524234267306,9.699894768597016
2025-04-22 04:36:01.067,0.5909917281414214,0.33385086123684726,9.715530682751965
2025-04-22 04:36:01.167,0.6314089400957179,0.2690076022164669,9.763543607383422
2025-04-22 04:36:01.267,0.7796087587989645,0.6746950852314572,9.752996531106945
2025-04-22 04:36:01.367,0.6205622716878746,0.11363613809815659,9.587962081891742
2025-04-22 04:36:01.467,0.4612725654420574,0.26198823387255177,9.618653220654602
2025-04-22 04:36:01.567,0.7419165657155282,0.2525346759799336,9.705682260909816
2025-04-22 04:36:01.667,0.6151521005818654,0.7677179338833613,9.636218345561971
2025-04-22 04:36:01.767,0.4659105025470849,0.5298493430993869,9.684651337659163
2025-04-22 04:36:01.867,0.3584547971620111,0.2551564899505464,9.645151970492142
2025-04-22 04:36:01.967,0.11564594807122996,0.32779462562260925,9.714083414924527
2025-04-22 04:36:02.067,0.25551153411207855,-0.1473508083997408,9.713925924096795
2025-04-22 04:36:02.167,0.22960657807279397,0.28679031592386744,9.655515974356947
2025-04-22 04:36:02.267,0.013032849774480715,0.15949589728324765,9.658050617966502
2025-04-22 04:36:02.367,-0.11592874369353182,0.02506606267945804,9.58647016353064
2025-04-22 04:36:02.467,-0.19772279613211674,0.6020572881260826,9.772670030296794
2025-04-22 04:36:02.567,-0.11162290810838245,-0.043401832615836355,9.661297002920364
2025-04-22 04:36:02.667,-0.43782444438726786,-0.23311595976718968,9.720580379903579
2025-04-22 04:36:02.767,-0.032196599259812386,0.12713700037325182,9.719539329523668
2025-04-22 04:36:02.867,-0.22579867347286894,-0.09935418420565421,9.635037187116126
2025-04-22 04:36:02.967,-0.5650445833838971,-0.26930746539822953,9.685335127237368
2025-04-22 04:36:03.067,-0.397376398449216,-0.331313955021312,9.624380025032837
2025-04-22 04:36:03.167,-0.2646974436136601,-0.3278170902226926,9.637567810480784
2025-04-22 04:36:03.267,-0.7519590259978288,-0.3690209698046498,9.510620793278461
2025-04-22 04:36:03.367,-0.6753984569950401,-0.19985722323419905,9.59451610953367
2025-04-22 04:36:03.467,-0.19049603816155664,-0.173396346042443,9.672910934935063
2025-04-22 04:36:03.567,-0.8093464920371195,-0.3016493858807369,9.619678842591364
2025-04-22 04:36:03.667,-0.4911987218788513,-0.5253498951156158,9.652697480475439
2025-04-22 04:36:03.767,-0.7012420013189306,-0.7974884338723396,9.596476658360691
2025-04-22 04:36:03.867,-1.27776644122486,-0.7488623004134685,9.683960241944575
2025-04-22 04:36:03.967,-1.0302458285084497,-0.12486093284704325,9.625894051710228
2025-04-22 04:36:04.067,-1.0633984044577973,-0.13050931824433026,9.644301869664604
2025-04-22 04:36:04.167,-0.8503292099001194,-0.4162000636632273,9.643458153327995
2025-04-22 04:36:04.267,-0.7432143029454663,-0.6536208271728514,9.661054595707299
2025-04-22 04:36:04.367,-0.6723198165387614,-0.45359656630083456,9.559706044975442
2025-04-22 04:36:04.467,-0.9454370243930454,-0.6924325852482832,9.692721964571941
2025-04-22 04:36:04.567,-0.9444762559541734,-0.5402681619559618,9.559545077517056
2025-04-22 04:36:04.667,-0.9544215422463033,-0.21124450785640364,9.619789034444032
2025-04-22 04:36:04.767,-1.01206748561016,-0.8634046074927597,9.539991333961984
2025-04-22 04:36:04.867,-1.129477766760104,-0.7318340613059232,9.59174538363147
2025-04-22 04:36:04.967,-1.2609254959457008,-0.7184138853043539,9.625035339091326
2025-04-22 04:36:05.067,-1.17224938528696,-0.48397508042316206,9.614584209129283
2025-04-22 04:36:05.167,-0.5377406144547044,-1.062552510956031,9.570492641227602
2025-04-22 04:36:05.267,-0.8149844414794081,-0.940876287658382,9.622294028607795
2025-04-22 04:36:05.367,-0.9806017468955324,-0.7090663882613923,9.58145019389597
2025-04-22 04:36:05.467,-0.7581924826711192,-0.7415904995277136,9.54241999851045
2025-04-22 04:36:05.567,-1.0783343620129207,-0.91672420412788,9.64930507559253
2025-04-22 04:36:05.667,-0.6989152346039392,-0.7281690535542911,9.573154292147581
2025-04-22 04:36:05.767,-1.083090219000667,-0.8047053152104082,9.604843000937825
2025-04-22 04:36:05.867,-0.8637884948122697,-0.7516183691266838,9.657543375117545
2025-04-22 04:36:05.967,-0.749309574678927,-0.4270076160095976,9.635437457966638
2025-04-22 04:36:06.067,-0.8262348567533915,-0.781310071165423,9.670507812806662
2025-04-22 04:36:06.167,-0.856730081167791,-0.9859169898339403,9.573064726931722
2025-04-22 04:36:06.267,-0.7412857495931711,-0.973704940765725,9.611945665022278
2025-04-22 04:36:06.367,-0.6071523656301404,-0.7552050914260834,9.66166169622912
2025-04-22 04:36:06.467,-0.4467723197359448,-0.9371108999685487,9.70555694752432
2025-04-22 04:36:06.567,-0.6640633736212819,-1.0289979446334225,9.667224641105156
2025-04-22 04:36:06.667,-0.821353907765602,-1.1060409440982637,9.585909155007403
2025-04-22 04:36:06.767,-0.42180969997551676,-0.8623413162244902,9.534248181160509
2025-04-22 04:36:06.867,-0.4417773935969248,-0.9097602451474949,9.62022148541539
2025-04-22 04:36:06.967,-0.682206432538969,-0.5287874216553698,9.56281370318334
2025-04-22 04:36:07.067,-0.6694921812801755,-0.84472314399096,9.558349118673817
2025-04-22 04:36:07.167,-0.38629611288317545,-1.1650608347498743,9.565895465949122
2025-04-22 04:36:07.267,-0.42741869254337156,-0.9768841405979027,9.655874658200592
2025-04-22 04:36:07.367,-0.08248034505476104,-1.0989636025900413,9.60746022379182
2025-04-22 04:36:07.467,-0.0905997463763325,-0.9717225100633836,9.639452862625367
2025-04-22 04:36:07.567,-0.11750278465731268,-0.9723812932324799,9.576592137838
2025-04-22 04:36:07.667,0.026059990786076404,-1.0894030010498659,9.649723846229456
2025-04-22 04:36:07.767,0.10726205913740022,-1.0504812849428056,9.608615432722614
2025-04-22 04:36:07.867,0.12421759983317984,-0.8793771416333296,9.624818235143287
2025-04-22 04:36:07.967,-0.2933636026358196,-0.8410945615032749,9.51643570211329
2025-04-22 04:36:08.067,0.2850694389150238,-0.581148325413979,9.609998287852422
2025-04-22 04:36:08.167,0.6443060467570229,-0.676080626712718,9.609729985249523
2025-04-22 04:36:08.267,0.38784384029629443,-1.0878240537653958,9.570798067945214
2025-04-22 04:36:08.367,0.4071215650804641,-0.8563232668640217,9.632321023537683
2025-04-22 04:36:08.467,0.7625522132928422,-0.5734707949532236,9.591809884323414
2025-04-22 04:36:08.567,0.6466144431597928,-0.8051928476567638,9.574126173945373
2025-04-22 04:36:08.667,0.8971428593672376,-0.9486377113017567,9.58953070129117
2025-04-22 04:36:08.767,0.6524144393684266,-1.4329202360381006,9.61271847985167
2025-04-22 04:36:08.867,0.765059896259627,-0.6715594587050245,9.586177600696436
2025-04-22 04:36:08.967,0.5618216730532476,-0.6419585176954028,9.592021989001427
2025-04-22 04:36:09.067,0.8121075928656725,-1.00085796623116,9.630997515448014
2025-04-22 04:36:09.167,0.8901971093546989,-0.7719272605446479,9.560758231234383
2025-04-22 04:36:09.267,1.2120009445899373,-0.7311717034625236,9.531751263334607
2025-04-22 04:36:09.367,0.9365909674769839,-0.5586612590168754,9.604871933750193
2025-04-22 04:36:09.467,1.1609673312348132,-0.798989856532087,9.614026614765255
2025-04-22 04:36:09.567,0.9912439718774367,-1.1746314983265116,9.628850225639574
2025-04-22 04:36:09.667,1.0413440347284912,-0.8175456140922739,9.619764506293466
2025-04-22 04:36:09.767,0.5804206472833731,-0.8257364505359276,9.58713044511209
2025-04-22 04:36:09.867,0.9985271114623366,-1.0480454059439896,9.537959212705628
2025-04-22 04:36:09.967,1.156124783322565,-0.7804089294514869,9.638444172042403
2025-04-22 04:36:10.067,1.1354427405610714,-0.7076017603209711,9.586081741502733
2025-04-22 04:36:10.167,1.3036819429630642,-0.35224695111226556,9.665193847201573
2025-04-22 04:36:10.267,1.096634981562023,-0.5501046392612567,9.66016561695094
2025-04-22 04:36:10.367,1.4287673062920305,-0.5025558707113758,9.623502595550141
2025-04-22 04:36:10.467,0.7260685856123547,-0.6717791597612529,9.558574513107752
2025-04-22 04:36:10.567,0.9688113748222031,-0.526855332973709,9.574845820753671
2025-04-22 04:36:10.667,0.7069662300853217,-0.810131487196166,9.461545801206817
2025-04-22 04:36:10.767,0.9559355764366527,-0.48559984813998347,9.599880985853593
2025-04-22 04:36:10.867,0.636033088137509,-0.4546168740190021,9.589535671180505
2025-04-22 04:36:10.967,0.7044222963272067,-0.32135197206438126,9.609115478404473
2025-04-22 04:36:11.067,0.37052868322413346,-0.6369618409315342,9.584764935207446
2025-04-22 04:36:11.167,0.7275977714411604,-0.5896605082875293,9.542099052789155
2025-04-22 04:36:11.267,0.6418447092266221,0.01962837574352294,9.598834376865657
2025-04-22 04:36:11.367,0.344450616341557,-0.2197447283438901,9.660491249462828
2025-04-22 04:36:11.467,0.25147655565938765,-0.1630468466992399,9.676618509159454
2025-04-22 04:36:11.567,0.5711110306624344,-0.5516818807902406,9.656026372698186
2025-04-22 04:36:11.667,0.464710542065253,-0.17739005095774596,9.6132472151447
2025-04-22 04:36:11.767,0.5818901892350999,-0.1901704242472978,9.664137420153665
2025-04-22 04:36:11.867,0.332696866673637,-0.08501468541956726,9.608408049305506
2025-04-22 04:36:11.967,0.40271359407371327,-0.3739804222939779,9.630721761859077
2025-04-22 04:36:12.067,0.6340554158774406,-0.42980966583649605,9.527918002605443
2025-04-22 04:36:12.167,-0.14874759121173145,-0.22289184835065445,9.616324163974674
2025-04-22 04:36:12.267,0.36298225926187555,-0.21598254931406002,9.64634343360793
2025-04-22 04:36:12.367,0.08155740257330824,-0.014390454478462465,9.699355354220287
2025-04-22 04:36:12.467,0.0741750582557483,-0.2883867262831227,9.677028668043032
2025-04-22 04:36:12.567,0.1447280490179496,0.013081633434441227,9.699838437632021
2025-04-22 04:36:12.667,-0.1430101947937165,-0.2198869549296636,9.647734557746912
2025-04-22 04:36:12.767,-0.7307544214841847,0.177838959566925,9.661366505406866
2025-04-22 04:36:12.867,-0.18584663433167015,0.1133288675820111,9.671068168964668
2025-04-22 04:36:12.967,-0.19182072478789106,0.01602176501526617,9.67493717856303
2025-04-22 04:36:13.067,-0.4599305750190552,0.25847645473276204,9.681560158366603
2025-04-22 04:36:13.167,-0.2019130290890917,-0.18065960776297502,9.566655900225545
2025-04-22 04:36:13.267,-0.6745529666947823,0.44662058236800783,9.68418169843109
2025-04-22 04:36:13.367,-0.4403453090409882,0.49868333480371574,9.679203168532064
2025-04-22 04:36:13.467,-0.6818832399734269,0.31218645879595347,9.624367305897692
2025-04-22 04:36:13.567,-0.9865585676275982,0.382948716990594,9.693479967196119
2025-04-22 04:36:13.667,-0.8213635460668225,0.39621500064233145,9.701981471738462
2025-04-22 04:36:13.767,-0.6900726344083344,0.18777754083615383,9.60951144540363
2025-04-22 04:36:13.867,-0.7233617662861636,0.1919841036842277,9.643505413876635
2025-04-22 04:36:13.967,-0.6633994925621494,0.5748638996799518,9.644775036022796
2025-04-22 04:36:14.067,-0.5858355301812312,0.8439895432027718,9.6815376011973
2025-04-22 04:36:14.167,-0.773142617728722,0.5984620733027967,9.687258055258779
2025-04-22 04:36:14.267,-0.7297491399044568,0.2964809779691884,9.657985320835843
2025-04-22 04:36:14.367,-1.0257406630379236,0.18888576402910384,9.728676919549432
2025-04-22 04:36:14.467,-0.8091925920802951,0.48241462489907466,9.7028216936746
2025-04-22 04:36:14.567,-0.8929299509447307,0.6303780594521152,9.710695774968915
2025-04-22 04:36:14.667,-0.9477394769229507,0.6444036292593686,9.78045490981383
2025-04-22 04:36:14.767,-0.8569261360141702,0.5167907014089452,9.732122277791833
2025-04-22 04:36:14.867,-0.7940553128797261,0.6508952662488092,9.680627397290912
2025-04-22 04:36:14.967,-1.1675784841247598,0.47095109604443475,9.725147999316082
2025-04-22 04:36:15.067,-0.7649696782791262,0.6075351314791089,9.665326942804008
2025-04-22 04:36:15.167,-1.179156353549716,0.47223066300082656,9.632794422876424
2025-04-22 04:36:15.267,-0.5522861249461796,1.0508163443001604,9.688007312069896
2025-04-22 04:36:15.367,-1.395245358572697,0.9127644011623202,9.642146306365728
2025-04-22 04:36:15.467,-0.8006237056533905,0.783292872319043,9.707478036744444
2025-04-22 04:36:15.567,-0.8903754869180033,1.22656296765914,9.817802848358332
2025-04-22 04:36:15.667,-0.9454618946856247,0.9099108404507119,9.757108393482934
2025-04-22 04:36:15.767,-0.7327757077059982,0.9189293816982348,9.740165812407705
2025-04-22 04:36:15.867,-0.8597905073718788,1.0621467346789024,9.829882332936402
2025-04-22 04:36:15.967,-0.3968899119467904,0.46800334117989617,9.834303775894746
2025-04-22 04:36:16.067,-0.8582587664458828,1.4554792282467215,9.720256128974567
2025-04-22 04:36:16.167,-0.44286121837155884,0.8254715533155867,9.730937019514837
2025-04-22 04:36:16.267,-0.81735020150454,0.8865909671852932,9.843769322027086
2025-04-22 04:36:16.367,-0.6862233922527087,1.1057169537976197,9.808053838482369
2025-04-22 04:36:16.467,-0.19614351602966912,1.0628421493145914,9.653505801073901
2025-04-22 04:36:16.567,-0.7361602916682632,1.110488003820915,9.708302129714163
2025-04-22 04:36:16.667,-0.8731682225699873,1.1446738110239505,9.797339135565132
2025-04-22 04:36:16.767,-0.5770509059155996,1.0348448226775269,9.790280222591305
2025-04-22 04:36:16.867,-0.4089688472017734,1.1831580562571853,9.846435347166132
2025-04-22 04:36:16.967,-0.03460106491302628,1.193243454152899,9.804093501705587
2025-04-22 04:36:17.067,-0.47354903580274543,1.2574415790428155,9.748254861502987
2025-04-22 04:36:17.167,-0.20427968614003753,1.046323712957996,9.880505314486754
2025-04-22 04:36:17.267,-0.3255037221355839,1.018966620088977,9.770305617042752
2025-04-22 04:36:17.367,0.2161798399286599,0.8802594531025071,9.759250325874126
2025-04-22 04:36:17.467,-0.22812797758932513,0.7736715944947026,9.751295974432335
2025-04-22 04:36:17.567,-0.3620153915045171,0.843527535778092,9.77624971300643
2025-04-22 04:36:17.667,0.30455446391256064,1.3985394421675794,9.724264892573133
2025-04-22 04:36:17.767,0.2970726858025681,1.0161578220864018,9.891593256483716
2025-04-22 04:36:17.867,0.1001318342633768,0.9195703229652064,9.833793238222343
2025-04-22 04:36:17.967,0.681303529535312,0.7372384223072008,9.755308347132981
2025-04-22 04:36:18.067,0.4365275129549167,0.808067134782566,9.972577112362607
2025-04-22 04:36:18.167,0.0974980217005888,0.7562895113752482,9.962185416523347
2025-04-22 04:36:18.267,0.5721262204641235,0.9165357412688647,9.914307167096624
2025-04-22 04:36:18.367,0.44628825745683814,0.8840516161662859,9.860550541771957
2025-04-22 04:36:18.467,0.6893409869514987,1.1623351750062432,9.796154030728786
2025-04-22 04:36:18.567,0.8099956006078096,0.8047303937963859,9.835956949947835
2025-04-22 04:36:18.667,1.046698240418157,1.0577551618653904,9.850526537534671
2025-04-22 04:36:18.767,0.6738333710805123,0.6409342307410708,9.81025225691878
2025-04-22 04:36:18.867,0.702436584946432,0.8397391490619611,9.881820904515635
2025-04-22 04:36:18.967,0.5188183007943931,0.5923480068060792,9.792709422185073
2025-04-22 04:36:19.067,0.9984184521823966,0.6232482699492732,9.81851200179899
2025-04-22 04:36:19.167,0.7920363015717187,1.1710929325524195,9.885591177388076
2025-04-22 04:36:19.267,0.7488266281830203,0.7998913675883234,9.814100316782008
2025-04-22 04:36:19.367,1.0324958781153148,1.238199442911962,9.783922057903405
2025-04-22 04:36:19.467,0.9077105136605574,0.6103363016916551,9.877447695708709
2025-04-22 04:36:19.567,1.005642340727283,1.0512942922406139,9.830051780313623
2025-04-22 04:36:19.667,1.169828836177721,0.8094751523882546,9.890106270514247
2025-04-22 04:36:19.767,0.7713381203350462,0.7758070730217825,9.835508267628947
2025-04-22 04:36:19.867,0.8837940852605835,0.8722094949828612,9.813662220096226
2025-04-22 04:36:19.967,1.090009936221744,0.3824369821196997,9.840190791305217
2025-04-22 04:36:20.067,1.328789099368894,1.049661640518802,9.858756297130535
2025-04-22 04:36:20.167,1.0363575435148775,0.7543505038055451,9.861554074248344
2025-04-22 04:36:20.267,0.9457943391760791,0.5756127013156594,9.835775075081603
2025-04-22 04:36:20.367,1.0447702836904478,0.7227234097795235,9.907515124442153
2025-04-22 04:36:20.467,1.0187385006213494,0.3165721441236499,9.879871899517703
2025-04-22 04:36:20.567,0.9662851693368785,0.6765563301594213,9.909032776585157
2025-04-22 04:36:20.667,0.9935608353273883,0.6435728966315466,9.871538346135013
2025-04-22 04:36:20.767,0.7354422398795148,0.29688818950662654,9.84035871958408
2025-04-22 04:36:20.867,0.8372176187339674,0.6122335615063936,9.80842555209372
2025-04-22 04:36:20.967,0.4813773034541014,0.6280506429456016,9.836809222764902
2025-04-22 04:36:21.067,0.8467567659254039,0.6060784792152594,9.896608512252403
2025-04-22 04:36:21.167,0.5552595621720648,-0.028355756831324852,9.953043902955692
2025-04-22 04:36:21.267,0.5893986832009849,0.46658057985118134,9.904330910958599
2025-04-22 04:36:21.367,0.8577963058102074,0.4621059185151544,9.898024994169845
2025-04-22 04:36:21.467,0.5174158671234936,0.3632641975465403,9.97777836167084
2025-04-22 04:36:21.567,0.5844875888220556,0.5161247067739306,9.950422554438722
2025-04-22 04:36:21.667,0.5336592559472255,0.21594321386752913,9.862671583175052
2025-04-22 04:36:21.767,0.3094895744824532,0.0411082600125911,9.949667816342856
2025-04-22 04:36:21.867,0.417700354498725,0.12010727099336442,9.87386731310647
2025-04-22 04:36:21.967,0.43209749231981726,0.14796578065469357,10.001962967860203
2025-04-22 04:36:22.067,0.25865718843691005,-0.19667874896162818,9.963776159644725
2025-04-22 04:36:22.167,0.3658520403510311,0.37536767053836034,9.940014525154112
2025-04-22 04:36:22.267,0.04870659914512758,0.011377610399595471,9.899290276430479
2025-04-22 04:36:22.367,0.12028797160575533,0.18887574783193783,9.905790120129934
2025-04-22 04:36:22.467,0.027238712577614503,-0.20806486651105122,9.838953198196144
2025-04-22 04:36:22.567,-0.04997187437737111,-0.024893279519170378,9.963024066805612
2025-04-22 04:36:22.667,-0.079628064943368,-0.01580096885798886,9.815400585489998
2025-04-22 04:36:22.767,-0.4303127238324267,0.08760547157611484,9.98909892360732
2025-04-22 04:36:22.867,-0.5523321260159237,-0.21496473658858667,9.89127754356133
2025-04-22 04:36:22.967,-0.6583347583463877,0.36805219401413036,9.94985862341538
2025-04-22 04:36:23.067,-0.6131129545149683,-0.01825454172742752,9.934884083098897
2025-04-22 04:36:23.167,-0.4535026600061538,-0.4483507976437068,10.026056814841583
2025-04-22 04:36:23.267,-0.46139336496718003,-0.385787142886568,10.099261690421214
2025-04-22 04:36:23.367,-0.48329843701243586,-0.38210412342604405,9.850449759523864
2025-04-22 04:36:23.467,-0.6223785040451117,-0.39588290421430933,9.958869534136277
2025-04-22 04:36:23.567,-0.4625687977249143,-0.18620497490250376,10.086694927982009
2025-04-22 04:36:23.667,-0.7099279225216629,-0.4019231696128368,9.956564819696217
2025-04-22 04:36:23.767,-0.5472665622192776,-0.4708466124187028,9.948111167982036
2025-04-22 04:36:23.867,-0.7117094808002844,-0.6494117629985532,9.950729826487068
2025-04-22 04:36:23.967,-0.8116837479350644,-0.7122548970284922,10.039015591243253
2025-04-22 04:36:24.067,-0.5964448447541256,-0.6994792722592899,9.957893133822221
2025-04-22 04:36:24.167,-0.8385702706905508,-0.4219505370765577,9.992626554490451
2025-04-22 04:36:24.267,-1.1460102515416484,-0.6014177067392708,10.070414648735953
2025-04-22 04:36:24.367,-0.9564691548499845,-0.4968873849077734,10.006598565377686
2025-04-22 04:36:24.467,-1.1465474197709096,-0.5717876051892887,9.987788151980384
2025-04-22 04:36:24.567,-1.2758044903035612,-0.4453654103132451,9.891701380859935
2025-04-22 04:36:24.667,-1.11307405709636,-0.8094131052225286,10.026036514389657
2025-04-22 04:36:24.767,-1.3005288908673638,-0.7353887455095678,10.08421857164895
2025-04-22 04:36:24.867,-1.0804417069687635,-0.5901571830661269,9.988909493965993
2025-04-22 04:36:24.967,-0.8731249370027717,-0.5340110790838803,9.973125805724035
2025-04-22 04:36:25.067,-0.9461897537392218,-0.6733741244879595,9.890190467727562
2025-04-22 04:36:25.167,-0.8116427546580789,-0.64555331609374,10.058597404932295
2025-04-22 04:36:25.267,-1.0583218644957832,-1.0348859495888096,9.919312933905376
2025-04-22 04:36:25.367,-1.1145009337221463,-0.4991354637228769,10.000147274818085
2025-04-22 04:36:25.467,-0.866466162036803,-0.7006519890534996,9.977984933300627
2025-04-22 04:36:25.567,-0.9096698062643088,-0.8977546001805764,9.968924289439952
2025-04-22 04:36:25.667,-0.6654539298841856,-1.1308866360376666,9.96860655172187
2025-04-22 04:36:25.767,-0.6891906227485184,-1.062247214378423,9.906356413867359
2025-04-22 04:36:25.867,-1.0338905136372083,-1.1315778460699737,9.948303901183335
2025-04-22 04:36:25.967,-0.6630113107426189,-0.6033258292208962,10.060230053242616
2025-04-22 04:36:26.067,-0.6064113921469554,-0.7062839665013437,9.990415779521605
2025-04-22 04:36:26.167,-0.8230627591625443,-1.1430476591755963,9.95735905365017
2025-04-22 04:36:26.267,-0.6129763379494855,-0.9906401874820613,10.02724752350854
2025-04-22 04:36:26.367,-0.8647769976013883,-0.8435547569132289,9.966139615395836
2025-04-22 04:36:26.467,-0.4666069441562348,-1.2726589181781358,9.923053287127976
2025-04-22 04:36:26.567,-0.5439654014118812,-1.04401075419213,9.965547238458647
2025-04-22 04:36:26.667,-0.34201806020802894,-0.8027529328520963,10.040498423008534
2025-04-22 04:36:26.767,-0.5739517143830184,-1.3123479473152742,10.023452037009381
2025-04-22 04:36:26.867,-0.356543973137998,-0.7483360189624451,10.041002966996121
2025-04-22 04:36:26.967,-0.23930211193933554,-0.9968381132446429,9.994973703424135
2025-04-22 04:36:27.067,-0.2247192467487176,-1.1852286865427077,9.930044157433363
2025-04-22 04:36:27.167,-0.03742640860226412,-1.4749810457185468,9.995613663461413
2025-04-22 04:36:27.267,-0.08118503695056134,-1.0179606655493372,10.063037851213522
2025-04-22 04:36:27.367,0.12046762275622269,-1.147903942822697,9.946488698421213
2025-04-22 04:36:27.467,0.09950782174404277,-0.6745650920354793,10.10066646749579
2025-04-22 04:36:27.567,0.19634941788736993,-0.7594814377654443,10.00637804248664
2025-04-22 04:36:27.667,0.0441418129769159,-1.0620174513068508,10.03117296213941
2025-04-22 04:36:27.767,-0.03199292232225118,-0.7631243750791445,10.082807356271365
2025-04-22 04:36:27.867,0.5081015182307004,-1.0193891906368218,10.010873598353015
2025-04-22 04:36:27.967,0.4058078395668938,-1.1347248571585633,9.931768718637905
2025-04-22 04:36:28.067,0.04640445987944597,-0.8542197820043365,10.004595706604452
2025-04-22 04:36:28.167,0.4457053528980536,-0.7832349086602323,10.01821348659574
2025-04-22 04:36:28.267,0.6417613652019152,-1.0325081805554375,10.086712180881925
2025-04-22 04:36:28.367,0.4938500063308972,-0.6740756278152715,10.040860029925232
2025-04-22 04:36:28.467,0.47060682850133106,-1.2768373362319756,10.020451055722335
2025-04-22 04:36:28.567,0.6324945087024566,-1.0037252280135749,9.946161152331086
2025-04-22 04:36:28.667,0.7953883612041781,-1.0010550237056175,10.045640481599344
2025-04-22 04:36:28.767,0.6128089287542314,-0.6025855966870148,9.917518546850564
2025-04-22 04:36:28.867,0.44778165458670033,-1.1975723275360186,10.021222570424488
2025-04-22 04:36:28.967,0.7489566914987332,-1.1236138625806356,9.925702166980495
2025-04-22 04:36:29.067,0.4435119869415126,-0.5340188364324991,9.97992466317247
2025-04-22 04:36:29.167,1.181557465924083,-0.5407720420319846,9.99619376325132
2025-04-22 04:36:29.267,0.9841706277911623,-0.6536702750078186,10.004839721930622
2025-04-22 04:36:29.367,0.9242549694694475,-0.5398040039153005,9.990852332227558
2025-04-22 04:36:29.467,1.0009799011984488,-0.933560022047013,10.016200985894502
2025-04-22 04:36:29.567,1.1887924918857469,-0.81740535785426,10.037796006731122
2025-04-22 04:36:29.667,0.8507556349708755,-1.3883062632185332,10.011445714616444
2025-04-22 04:36:29.767,0.7971302371959921,-0.8001263213977866,10.024649660337401
2025-04-22 04:36:29.867,0.8987114360024976,-0.7346182648025907,9.993720454524214
2025-04-22 04:36:29.967,0.9947559713945754,-1.0398765501715679,10.109768892662323
2025-04-22 04:36:30.067,1.0218497164955198,-0.5954610257240134,10.037074870817053
2025-04-22 04:36:30.167,0.7683680566683658,-0.7817970191009431,9.954182040572444
2025-04-22 04:36:30.267,0.822494269231327,-0.4162696923865664,9.980298333203669
2025-04-22 04:36:30.367,0.9601354328482608,-0.3114373438855973,10.007288221456191
2025-04-22 04:36:30.467,1.2029629245313833,-0.21401791543300014,9.997941305680998
2025-04-22 04:36:30.567,0.847357987991444,-0.47626152806916394,9.903331558295404
2025-04-22 04:36:30.667,1.0481593009072951,-0.3269711069099135,9.933982737418129
2025-04-22 04:36:30.767,1.007218545334769,-0.9777581265221023,10.004747293192336
2025-04-22 04:36:30.867,0.8079828900041456,-0.6729462865225015,9.98733288360103
2025-04-22 04:36:30.967,0.7582903177311402,-0.631441069823955,9.955132968431869
2025-04-22 04:36:31.067,0.9683152597002254,-0.5686767057969722,9.905351088719948
2025-04-22 04:36:31.167,1.1052930716902638,-0.2171758150366924,9.995482312415515
2025-04-22 04:36:31.267,0.6025104098303662,-0.4717058679158341,9.962531870029741
2025-04-22 04:36:31.367,0.5352682964089108,-0.4945112530666771,9.985382402648863
2025-04-22 04:36:31.467,0.8250261588798721,-0.5809715464047955,9.95739778509879
2025-04-22 04:36:31.567,0.6284385918457422,-0.2290884350303098,9.942320459431508
2025-04-22 04:36:31.667,0.38559786003260454,-0.25660020182080345,9.976110764615738
2025-04-22 04:36:31.767,0.4440747736044531,-0.35337142203439736,9.985252188243276
2025-04-22 04:36:31.867,0.23796605120205608,-0.2698848011129293,9.979772992410593
2025-04-22 04:36:31.967,0.36036447751299866,-0.21798234654090923,9.943545834543434
2025-04-22 04:36:32.067,-0.08446584899864723,-0.1665362899681955,9.92099491913706
2025-04-22 04:36:32.167,0.3124196007178922,-0.018081663101770284,9.957078384590366
2025-04-22 04:36:32.267,-0.027646251077591166,0.018559971720972207,9.976709851621905
2025-04-22 04:36:32.367,0.06143256147682993,-0.08159520280009176,9.964623481998048
2025-04-22 04:36:32.467,0.022429691175656036,-0.41016035610342944,9.918213955983171
2025-04-22 04:36:32.567,-0.17719104669053312,0.15957960959236006,10.032422173538922
2025-04-22 04:36:32.667,-0.19495286424306776,-0.03045774290193174,9.881724846730547
2025-04-22 04:36:32.767,-0.20799608183898016,-0.03143194084869512,9.932416680899303
2025-04-22 04:36:32.867,0.08788805161843177,0.0752432642201522,9.89607916181234
2025-04-22 04:36:32.967,-0.4837333842723075,-0.2377065146762845,9.888886422261281
2025-04-22 04:36:33.067,-0.5919262296598766,0.24512704173517236,9.956667935568575
2025-04-22 04:36:33.167,-0.6729613325397007,0.5226837723683919,9.977688653249436
2025-04-22 04:36:33.267,-0.4692977013383504,0.1858554302976694,9.875062471481288
2025-04-22 04:36:33.367,-0.3696115871743674,0.15146016705572646,9.863423786823073
2025-04-22 04:36:33.467,-0.5399900106090706,0.6174045542491795,9.929098589766298
2025-04-22 04:36:33.567,-0.4612866878931352,0.27084587482852174,9.995722302930185
2025-04-22 04:36:33.667,-0.9985773204421207,0.17608975542554378,9.928345982609207
2025-04-22 04:36:33.767,-0.47775130920316233,0.4162025188720796,9.952191458496333
2025-04-22 04:36:33.867,-0.7319723925133544,0.5773972532070807,9.935071865672333
2025-04-22 04:36:33.967,-0.8096767646262055,0.7308031853883195,9.98672337999656
2025-04-22 04:36:34.067,-0.9785362316218322,0.769034467215698,9.88260787076134
2025-04-22 04:36:34.167,-0.9184804923274049,0.5183962175118614,9.82579444540256
2025-04-22 04:36:34.267,-1.0096118410361556,0.5575221920422988,9.864618585778626
2025-04-22 04:36:34.367,-1.3037104640317332,0.40103981655204657,9.899116203646487
2025-04-22 04:36:34.467,-0.7918712919133815,0.2947628088445839,9.86626544726298
2025-04-22 04:36:34.567,-0.7531889594297824,0.4396899324567942,9.923416319023339
2025-04-22 04:36:34.667,-1.241318446625347,0.5812561300602418,9.852840303249664
2025-04-22 04:36:34.767,-0.9017486966578965,0.598510294693328,9.80504082346884
2025-04-22 04:36:34.867,-0.5311165932721186,0.8459555659156708,9.892500938220797
2025-04-22 04:36:34.967,-1.3139083387559587,1.0059852498069812,9.852453660400496
2025-04-22 04:36:35.067,-0.9853693010413326,0.9771342373219438,9.884327590441224
2025-04-22 04:36:35.167,-0.7597255586524921,0.9403556778882829,9.91913495270396
2025-04-22 04:36:35.267,-1.0970757596271101,1.1323875354449913,9.883189994815208
2025-04-22 04:36:35.367,-1.134872702527591,0.601498392858818,9.854167505584869
2025-04-22 04:36:35.467,-0.9589907143652255,0.8595576538522264,9.88756456868453
2025-04-22 04:36:35.567,-0.7319827686216114,1.1649735081195833,9.827101358938194
2025-04-22 04:36:35.667,-0.9631428200302227,1.019858712345282,9.816626339210686
2025-04-22 04:36:35.767,-0.7713839060164702,0.8204758488357228,9.790231381879122
2025-04-22 04:36:35.867,-1.1565119670286672,0.9275649454074628,9.778316665727107
2025-04-22 04:36:35.967,-0.7289044313479355,0.8189383861012434,9.813724835945344
2025-04-22 04:36:36.067,-0.3809732401092279,0.879202298801039,9.852202420704996
2025-04-22 04:36:36.167,-0.7372870206415257,0.9281358192469118,9.875221934894833
2025-04-22 04:36:36.267,-0.740733273415709,0.9841614851009723,9.896559521035387
2025-04-22 04:36:36.367,-0.6905647163215181,0.9508399923671759,9.837879059529605
2025-04-22 04:36:36.467,-0.2685975924665605,1.0369834782847613,9.718533503394092
2025-04-22 04:36:36.567,-0.5972288741954302,1.0879982940337307,9.876122242525682
2025-04-22 04:36:36.667,-0.3664803287328686,0.8710721109293106,9.71610185022588
2025-04-22 04:36:36.767,-0.26071504272633184,0.7815110056446666,9.799742547998779
2025-04-22 04:36:36.867,-0.2678552763632986,0.8886620633341556,9.771214642948184
2025-04-22 04:36:36.967,-0.09081118086573722,0.5718855814821029,9.789813768669339
2025-04-22 04:36:37.067,0.19767100409195112,1.1482788013270848,9.865287770743583
2025-04-22 04:36:37.167,0.11418440378628225,0.8737125738740766,9.7596897234828
2025-04-22 04:36:37.267,-0.09233292173204757,0.7764817174401946,9.787264462806421
2025-04-22 04:36:37.367,0.21431141267475723,1.0049895666971114,9.848497275203455
2025-04-22 04:36:37.467,-0.18159363459438194,0.9179378493859229,9.831078688373621
